!-- Step1: Setup Tables
use PlantInfo; 
DROP TABLE SNotes; 
DROP TABLE FNotes; 
 
DROP TABLE Users; 
DROP TABLE Species; 
DROP TABLE Family; 
 
CREATE TABLE Users( 
	usrid CHAR(36) UNIQUE DEFAULT NEWID(), 
	usrname VARCHAR(50) NOT NULL UNIQUE, 
	passwd CHAR(32) NOT NULL, 
    accessibility CHAR(1) CHECK(accessibility IN ('R', 'A', 'C')) DEFAULT 'C',  
	signUpTime DATETIME DEFAULT GETDATE(), 
	lastLogTime DATETIME DEFAULT NULL, 
	PRIMARY KEY(usrid) 
); 
 
CREATE TABLE Species( 
	spid CHAR(36) UNIQUE DEFAULT NEWID(), 
	sname VARCHAR(50) NOT NULL UNIQUE, 
	nickname VARCHAR(100), 
	sLatin VARCHAR(100) NOT NULL, 
	family VARCHAR(20) NOT NULL, 
	env VARCHAR(100) NOT NULL,  
	region VARCHAR(150) NOT NULL, 
	link VARCHAR(80) CHECK(link LIKE 'http://%' OR link LIKE 'https://%'), 
	specimen_img IMAGE, 
    colorful_img IMAGE, 
	sdesp VARCHAR(1200) NOT NULL, 
	lastEditTime DATETIME DEFAULT GETDATE(), 
	PRIMARY KEY(spid) 
); 
 
CREATE TABLE Family( 
	fid CHAR(36) UNIQUE DEFAULT NEWID(), 
	fname VARCHAR(20) NOT NULL UNIQUE, 
	fLatin VARCHAR(100) NOT NULL, 
	fdesp VARCHAR(1000) NOT NULL, 
	link VARCHAR(80) CHECK(link LIKE 'http://%' OR link LIKE 'https://%'), 
	lastEditTime DATETIME DEFAULT GETDATE(), 
	PRIMARY KEY(fid) 
); 
 
 
--!------ 
CREATE TABLE SNotes( 
	usrid CHAR(36) FOREIGN KEY(usrid) REFERENCES Users(usrid), 
	spid CHAR(36) FOREIGN KEY(spid) REFERENCES Species(spid), 
	isPublic BIT NOT NULL, 
	content VARCHAR(200) NOT NULL, 
	lastEditTime DATETIME DEFAULT GETDATE(), 
	PRIMARY KEY(usrid, spid, isPublic) 
); 
 
CREATE TABLE FNotes( 
	usrid CHAR(36) FOREIGN KEY(usrid) REFERENCES Users(usrid), 
	fid CHAR(36) FOREIGN KEY(fid) REFERENCES Family(fid), 
	isPublic BIT NOT NULL, 
	content VARCHAR(200) NOT NULL, 
	lastEditTime DATETIME DEFAULT GETDATE(), 
	PRIMARY KEY(usrid, fid, isPublic) 
);

!-- Step2: Insertation 
INSERT INTO Users(usrname, passwd, accessibility) VALUES('ROOT', '17BA076FD9462BC7E648E47ABC363D22', 'R'); 
INSERT INTO Users(usrname, passwd, accessibility) VALUES('Advisor01', '5F01AE40EB0B20AB9E3FBD9A29602557', 'C'); 
INSERT INTO Users(usrname, passwd) VALUES('Commentor01', '5F01AE40EB0B20AB9E3FBD9A29602557'); 
INSERT INTO Users(usrname, passwd) VALUES('Commentor02', '5F01AE40EB0B20AB9E3FBD9A29602557'); 
INSERT INTO Users(usrname, passwd) VALUES('Commentor03', '5F01AE40EB0B20AB9E3FBD9A29602557'); 
 
INSERT INTO Species(sname, nickname, sLatin, family, env, region, link, sdesp, specimen_img, colorful_img) 
VALUES('贯众', '绵马鳞毛蕨、贯节、贯渠', 'Cyrtomium fortune', '鳞毛蕨科', '林中林缘灌丛中', '黑龙江、吉林、辽宁', 'https://baike.baidu.com/item/贯众', '贯众，中药名。为鳞毛蕨科植物粗茎鳞毛蕨DryopteriscrassirhizomaNakai的根茎及叶柄残基。具有杀虫；清热；解毒；凉血止血至功效。用于风热感冒；温热癍疹；吐血；咳血；衄血；便血；崩漏；血痢；带下及钩、蛔、绦虫等肠寄生虫病。', (SELECT * FROM OPENROWSET(BULK 'C:\MyData\C#_Database\Homeworks\Final Project\RawData\pics\1_specimen.jpg', SINGLE_BLOB) AS img1), (SELECT * FROM OPENROWSET(BULK 'C:\MyData\C#_Database\Homeworks\Final Project\RawData\pics\1_item.jpg', SINGLE_BLOB) AS img2)); 
INSERT INTO Species(sname, nickname, sLatin, family, env, region, link, sdesp, specimen_img, colorful_img) 
VALUES('美洲商陆', '商陆，美国商陆，十蕊商陆，垂序商陆', 'Phytolacca Americana L.', '商陆科', '林地', '原产北美；现世界各地引种和归化，我国大部分地区都有栽培', 'https://baike.baidu.com/item/美洲商陆', '美洲商陆（PhytolaccaAmericanaL.），为商陆科、商陆属植物。是商陆药材的一种，称垂穗商陆。是一种入侵植物，原产北美洲，又名美洲商陆果。这种植物的种子可通过鸟类等传播，美洲商陆全株有毒，根及果实毒性最强，需要引起警惕。种子黑色具光泽。花期夏季。全国大部分地区都有栽培。', (SELECT * FROM OPENROWSET(BULK 'C:\MyData\C#_Database\Homeworks\Final Project\RawData\pics\2_specimen.jpg', SINGLE_BLOB) AS img1), (SELECT * FROM OPENROWSET(BULK 'C:\MyData\C#_Database\Homeworks\Final Project\RawData\pics\2_item.jpg', SINGLE_BLOB) AS img2)); 
INSERT INTO Species(sname, nickname, sLatin, family, env, region, link, sdesp, specimen_img, colorful_img) 
VALUES('紫珠', NULL, 'Callicarpa bodinieri Levl.', '马鞭草科', '林中林缘灌丛中', '中国南部各省、越南', 'https://baike.baidu.com/item/紫珠', '紫珠（学名：CallicarpabodinieriLevl.）是马鞭草科、紫珠属落叶灌木，高约2米；叶片卵状长椭圆形至椭圆形，顶端长渐尖至短尖，基部楔形，边缘有细锯齿，背面灰棕色，两面密生暗红色或红色细粒状腺点；聚伞花序；苞片细小，线形；花萼外被星状毛和暗红色腺点，萼齿钝三角形；花冠紫色，花药椭圆形，药隔有暗红色腺点，药室纵裂；子房有毛。果实球形，6-7月开花，8-11月结果。分布于中国河南、江苏、安徽、浙江、江西、湖南、湖北、广东、广西、四川、贵州、云南。越南也有分布。生于海拔200-2300米的林中、林缘及灌丛中。该种根或全株入药，能通经和血；治月经不调、虚劳、白带、产后血气痛、感冒风寒；调麻油外用，治缠蛇丹毒。', (SELECT * FROM OPENROWSET(BULK 'C:\MyData\C#_Database\Homeworks\Final Project\RawData\pics\3_specimen.jpg', SINGLE_BLOB) AS img1), (SELECT * FROM OPENROWSET(BULK 'C:\MyData\C#_Database\Homeworks\Final Project\RawData\pics\3_item.jpg', SINGLE_BLOB) AS img2)); 
INSERT INTO Species(sname, nickname, sLatin, family, env, region, link, sdesp, specimen_img, colorful_img) 
VALUES('天目地黄', NULL, 'Rehmannia chingii Li', '玄参科', '生于拔海190-500米之山坡、路旁草丛中', '浙江、安徽', 'https://baike.baidu.com/item/天目地黄', '天目地黄（学名：RehmanniachingiiLi）是玄参科地黄属，多年生半常绿草本。根茎肉质肥厚，橘红色。茎直立，株高30-60厘米，全株被灰白长柔毛或腺毛。基生叶莲座状，叶椭圆形，基部渐狭成长柄；茎生叶向上渐小，上面绿色，皱缩；下面紫红色；叶缘锯齿。总状花序顶生或单生叶腋；花大，花冠筒微弯，外面紫红色，内面黄色油紫斑。蒴果卵形，种子多。花期4-5月。生长于拔海190-500米的山坡、路旁草丛中。分布于浙江、安徽。喜阴湿凉爽环境；稍耐寒；忌酷热。播种或分株繁殖。花大而艳，是良好的观花地被植物，也宜作花境植物材料。主治温热病高热烦躁，吐血衄血，口干，咽喉肿痛，中耳炎，烫伤。', (SELECT * FROM OPENROWSET(BULK 'C:\MyData\C#_Database\Homeworks\Final Project\RawData\pics\4_specimen.jpg', SINGLE_BLOB) AS img1), (SELECT * FROM OPENROWSET(BULK 'C:\MyData\C#_Database\Homeworks\Final Project\RawData\pics\4_item.jpg', SINGLE_BLOB) AS img2)); 
INSERT INTO Species(sname, nickname, sLatin, family, env, region, link, sdesp, specimen_img, colorful_img) 
VALUES('金粟兰', '真珠兰、珍珠兰、金粟兰、鱼子兰、茶兰、鸡爪兰、珠兰', 'Chloranthus spicatus (Thunb.) Makino', '金粟兰科', '生于山坡、沟谷密林下，海拔150-990米', '中国云南、四川、贵州、福建、广东等地及日本', 'https://baike.baidu.com/item/金粟兰', '金粟兰（学名：Chloranthusspicatus(Thunb.)Makino），是金粟兰科金粟兰属植物，多年生常绿草本或半灌木花卉。直立或稍伏地，高30～60厘米。叶对生，倒卵状椭圆形，边缘有钝齿，齿尖有一腺体；叶面光滑、浓绿，稍呈泡状皱起。穗状花序顶生，成圆锥花序式排列。花小，两性，无花被，黄绿色，有浓郁的兰花香味。花期8-10月份。主要分布于中国云南、四川、贵州、福建、广东等地；生长于海拔150-990米山坡、沟谷密林下。金粟兰花金黄色，枝叶青翠，香似兰花，宜盆栽。花和根状茎可提取芳香油，鲜花极香，掺入茶叶，称珠三茶，全株可入药。', (SELECT * FROM OPENROWSET(BULK 'C:\MyData\C#_Database\Homeworks\Final Project\RawData\pics\5_specimen.jpg', SINGLE_BLOB) AS img1), (SELECT * FROM OPENROWSET(BULK 'C:\MyData\C#_Database\Homeworks\Final Project\RawData\pics\5_item.jpg', SINGLE_BLOB) AS img2)); 
INSERT INTO Species(sname, nickname, sLatin, family, env, region, link, sdesp, specimen_img, colorful_img) 
VALUES('构树', '构桃树、构乳树、楮树、楮实子、沙纸树、谷木、谷浆树、假杨梅', 'Broussonetia papyrifera (Linnaeus) L''Heritier ex Ventenat', '桑科', '常野生或栽于村庄附近的荒地、田园及沟旁', '中国黄河、长江、珠江流域，也见于越南、日本、印度', 'https://baike.baidu.com/item/构树', '构树（学名Broussonetiapapyrifera）别名楮桃等，为落叶乔木，高10-20m；树皮暗灰色；小枝密生柔毛。树冠张开，卵形至广卵形；树皮平滑，浅灰色或灰褐色，不易裂，全株含乳汁。为强阳性树种，适应性特强，抗逆性强。构树具有速生、适应性强、分布广、易繁殖、热量高、轮伐期短的特点。其根系浅，侧根分布很广，生长快，萌芽力和分蘖力强，耐修剪。抗污染性强。在中国的温带、热带均有分布，不论平原、丘陵或山地都能生长，其叶是很好的猪饲料，其韧皮纤维是造纸的高级原料，材质洁白，其根和种子均可入药，树液可治皮肤病，经济价值很高。', (SELECT * FROM OPENROWSET(BULK 'C:\MyData\C#_Database\Homeworks\Final Project\RawData\pics\6_specimen.jpg', SINGLE_BLOB) AS img1), (SELECT * FROM OPENROWSET(BULK 'C:\MyData\C#_Database\Homeworks\Final Project\RawData\pics\6_item.jpg', SINGLE_BLOB) AS img2)); 
INSERT INTO Species(sname, nickname, sLatin, family, env, region, link, sdesp, specimen_img, colorful_img) 
VALUES('鸭跖草', '碧竹子、翠蝴蝶、淡竹叶等', 'Commelina communis L.', '鸭跖草科', '湿地', '中国云南、四川、甘肃以东各省区；东北亚、北美及中南半岛', 'https://baike.baidu.com/item/鸭跖草', '鸭跖草（拉丁学名：CommelinacommunisL.），别名碧竹子、翠蝴蝶、淡竹叶等。属粉状胚乳目、鸭跖草科、鸭跖草属一年生披散草本。鸭跖草叶形为披针形至卵状披针形，叶序为互生，茎为匍匐茎，花朵为聚花序，顶生或腋生，雌雄同株，花瓣上面两瓣为蓝色，下面一瓣为白色，花苞呈佛焰苞状，绿色，雄蕊有6枚。产云南、四川、甘肃以东的南北各省区。越南、朝鲜、日本、俄罗斯远东地区以及北美也有分布。', (SELECT * FROM OPENROWSET(BULK 'C:\MyData\C#_Database\Homeworks\Final Project\RawData\pics\7_specimen.jpg', SINGLE_BLOB) AS img1), (SELECT * FROM OPENROWSET(BULK 'C:\MyData\C#_Database\Homeworks\Final Project\RawData\pics\7_item.jpg', SINGLE_BLOB) AS img2)); 
INSERT INTO Species(sname, nickname, sLatin, family, env, region, link, sdesp, specimen_img, colorful_img) 
VALUES('野珠兰', '华空木', 'Stephanandra chinensis Hance', '蔷薇科', '生于阔叶林边或灌木丛中，海拔1000-1500米', '河南、湖北、江西、湖南、安徽、江苏、浙江、四川、广东和福建', 'https://baike.baidu.com/item/野珠兰', '华空木（学名：StephanandrachinensisHance）是蔷薇科、小米空木属灌木，高达1.5米；小枝细弱，圆柱形，微具柔毛，红褐色；冬芽小，卵形。叶片卵形至长椭卵形，长5-7厘米。宽2-3厘米。顶生疏松的圆锥花序，长5-8厘米，直径2-3厘米。蓇葖果近球形，直径约2毫米，被稀疏柔毛，具宿存直立的萼片；种子1，卵球形。花期5月，果期7-8月。分布于河南、湖北、江西、湖南、安徽、江苏、浙江、四川、广东和福建。生长于海拔1000-1500米阔叶林边或灌木丛中。华空木根系发达，生长强健，长势旺盛，适宜中国亚热带的凉爽地区的公园、庭院作绿化、美化栽培。', (SELECT * FROM OPENROWSET(BULK 'C:\MyData\C#_Database\Homeworks\Final Project\RawData\pics\8_specimen.jpg', SINGLE_BLOB) AS img1), (SELECT * FROM OPENROWSET(BULK 'C:\MyData\C#_Database\Homeworks\Final Project\RawData\pics\8_item.jpg', SINGLE_BLOB) AS img2)); 
INSERT INTO Species(sname, nickname, sLatin, family, env, region, link, sdesp, specimen_img, colorful_img) 
VALUES('禺毛茛', '自扣草', 'RanunculuscantoniensisDC.', '毛茛科', '生于海拔500-2500米的平原或丘陵田边、沟旁水湿地', '分布于云南、四川、贵州、广西、广东、福建、台湾、浙江', 'https://baike.baidu.com/item/禺毛茛', '又名自扣草，水辣菜。毛茛科毛茛属，多年生或一二年生草本植物，须根伸长簇生。全株都有粗毛；叶子为三出复叶，有三条纵脉，边缘有锯齿，互生；茎为中空，整株植株约30-50cm；花为雌雄同株，单一顶生，花序为聚花序，花萼及花瓣各五枚，花瓣为黄色，花托光滑，多在春天开花；雄蕊以及雌蕊都是多数的；果实为瘦果，聚合成圆球状，有棱及嘴状钩。生于平原或丘陵田边、沟旁等阴湿处。全草含原白头翁素以及其二聚物白头翁素，有毒，可入药，外用。', (SELECT * FROM OPENROWSET(BULK 'C:\MyData\C#_Database\Homeworks\Final Project\RawData\pics\9_specimen.jpg', SINGLE_BLOB) AS img1), (SELECT * FROM OPENROWSET(BULK 'C:\MyData\C#_Database\Homeworks\Final Project\RawData\pics\9_item.jpg', SINGLE_BLOB) AS img2)); 
INSERT INTO Species(sname, nickname, sLatin, family, env, region, link, sdesp, specimen_img, colorful_img) 
VALUES('八角枫', '华瓜木（中国植物图谱），櫙木（经济植物手册）', 'Alangium chinense (Lour.) Harms', '八角枫科', '生于海拔1800米以下的山地或疏林', '中国长江流域以南各地，亚洲东部等', 'https://baike.baidu.com/item/八角枫', '八角枫，别名：华瓜木、白龙须、木八角、橙木。落叶小乔木或灌木，高4—5m。叶互生，形状不一，主要分布于中国南部广大地区；亚洲东部和东南部亦产。生于山野、灌丛和杂林中，村边路旁也常见。', (SELECT * FROM OPENROWSET(BULK 'C:\MyData\C#_Database\Homeworks\Final Project\RawData\pics\10_specimen.jpg', SINGLE_BLOB) AS img1), (SELECT * FROM OPENROWSET(BULK 'C:\MyData\C#_Database\Homeworks\Final Project\RawData\pics\10_item.jpg', SINGLE_BLOB) AS img2)); 
INSERT INTO Species(sname, nickname, sLatin, family, env, region, link, sdesp, specimen_img, colorful_img) 
VALUES('乌蔹莓', '乌蔹草、五叶藤、五爪龙、母猪藤、五叶梅', 'Cayratia japonica (Thunb.) Gagnep.', '葡萄科', '生于山谷中或山坡灌丛，海拔300-2500米', '中国陕西、河南、山东、安徽以及南部各省；日本，菲律宾、越南、缅甸、印度、印度尼西亚和澳大利亚', 'https://baike.baidu.com/item/乌蔹莓', '乌蔹莓（学名：Cayratiajaponica(Thunb.)Gagnep.）是葡萄科乌蔹莓属植物，草质藤本。小枝圆柱形，有纵棱纹，无毛或微被疏柔毛。卷须2-3叉分枝，相隔2节间断与叶对生。叶为鸟足状5小叶，中央小叶长椭圆形或椭圆披针形；叶柄长1.5-10厘米，中央小叶柄长0.5-2.5厘米。花序腋生，复二歧聚伞花序；花序梗长1-13厘米，无毛或微被毛。果实近球形，直径约1厘米，有种子2-4颗；种子三角状倒卵形。花期3-8月，果期8-11月。分布于中国陕西、河南、山东、安徽、江苏、浙江、湖北、湖南、福建、台湾、广东、广西、海南、四川、贵州、云南。日本，菲律宾、越南、缅甸、印度、印度尼西亚和澳大利亚也有分布。生长于海拔300-2500米的山谷林中或山坡灌丛。全草入药，有凉血解毒、利尿消肿之功效。', (SELECT * FROM OPENROWSET(BULK 'C:\MyData\C#_Database\Homeworks\Final Project\RawData\pics\11_specimen.jpg', SINGLE_BLOB) AS img1), (SELECT * FROM OPENROWSET(BULK 'C:\MyData\C#_Database\Homeworks\Final Project\RawData\pics\11_item.jpg', SINGLE_BLOB) AS img2)); 
INSERT INTO Species(sname, nickname, sLatin, family, env, region, link, sdesp, specimen_img, colorful_img) 
VALUES('络石', '石龙藤，万字花，万字茉莉', 'Trachelospermum jasminoides (Lindl.) Lem.', '夹竹桃科', '生于山野，溪边，路旁，林缘或杂木林中，常缠绕于树上或攀援于墙壁上', '中国南部各省、陕西', 'https://baike.baidu.com/item/络石', '络石（学名：Trachelospermumjasminoides(Lindl.)Lem.）是夹竹桃科，络石属常绿木质藤本植物，长可达10米，具乳汁；茎圆柱形赤褐色，叶革质或近革质，叶片椭圆形至卵状椭圆形或宽倒卵形，叶面无毛，中脉微凹，侧脉扁平，叶柄短，二歧聚伞花序腋生或顶生，花多朵组成圆锥状，花白色，芳香；苞片及小苞片狭披针形，裂片线状披针形，花蕾顶端钝，花冠筒圆筒形，雄蕊着生在花冠筒中部，花药箭头状，花柱圆柱状，柱头卵圆形，蓇葖双生，叉开，线状披针形，种子线形，褐色，3-7月开花，7-12月结果。分布于中国山东、安徽、江苏、浙江、福建、台湾、江西、河北、河南、湖北、湖南、广东、广西、云南、贵州、四川、陕西等省区都有分布。生于山野、溪边、路旁、林缘或杂木林中，常缠绕于树上或攀援于墙壁上、岩石上，亦有移栽于园圃，供观赏。日本、朝鲜和越南也有。根、茎、叶、果实供药用，有祛风活络、止痛消肿', (SELECT * FROM OPENROWSET(BULK 'C:\MyData\C#_Database\Homeworks\Final Project\RawData\pics\12_specimen.jpg', SINGLE_BLOB) AS img1), (SELECT * FROM OPENROWSET(BULK 'C:\MyData\C#_Database\Homeworks\Final Project\RawData\pics\12_item.jpg', SINGLE_BLOB) AS img2)); 
INSERT INTO Species(sname, nickname, sLatin, family, env, region, link, sdesp, specimen_img, colorful_img) 
VALUES('薜荔', NULL, 'Ficus pumila Linn', '桑科', '林间路旁', '中国东南部、日本、印度', 'https://baike.baidu.com/item/薜荔', '薜荔（学名：FicuspumilaL.）是桑科、榕属攀援或匍匐灌木。叶两型，叶片卵状心形，纸质，先端渐尖，叶柄很短，叶面无毛，背面被黄褐色柔毛，基生叶脉三出，托叶小，披针形，榕果单生叶腋；瘿花果大梨形，顶生苞片脐状，红色，基生苞片三角状卵形，宿存；总梗粗短；雄花生内壁近口部，多数，花被片线形，雄蕊花丝短，花药具短尖头；瘿花具柄，花柱侧生，短，子房光滑；瘦果倒卵形至近球形，成熟时褐色，5-8月开花，8-9月结果。 
分布于中国东南部，除西北、华北偶见栽培，其余地区常见野生；日本、印度也有分布。生长在海拔300-1200米的村寨附近或墙壁上。 
薜荔花序托中瘦果加工成凉粉食用，是中国南方民间传统的消暑佳品。叶供药用，有祛风除湿、活血通络作用，用来治腰腿痛、乳痛、疮节等。藤蔓柔性好可用来编织和作造纸原料。', (SELECT * FROM OPENROWSET(BULK 'C:\MyData\C#_Database\Homeworks\Final Project\RawData\pics\13_specimen.jpg', SINGLE_BLOB) AS img1), (SELECT * FROM OPENROWSET(BULK 'C:\MyData\C#_Database\Homeworks\Final Project\RawData\pics\13_item.jpg', SINGLE_BLOB) AS img2)); 
INSERT INTO Species(sname, nickname, sLatin, family, env, region, link, sdesp, specimen_img, colorful_img) 
VALUES('常春藤', '土鼓藤、钻天风、三角风、散骨风、枫荷梨藤', 'Hedera nepalensis var. sinensis (Tobl.) Rehd', '五加科', '常攀援于林缘树木，林下路旁，岩石和房屋墙壁上，庭院中也有栽培', '产于陕西、甘肃及黄河流域以南至华南和西南', 'https://baike.baidu.com/item/常春藤', '常春藤（拉丁学名：Hederanepalensisvar.sinensis(Tobl.)Rehd），五加科常春藤属多年生常绿攀援灌木，气生根，茎灰棕色或黑棕色，光滑，单叶互生；叶柄无托叶有鳞片；花枝上的叶椭圆状披针形，伞形花序单个顶生，花淡黄白色或淡绿白以，花药紫色；花盘隆起，黄色。果实圆球形，红色或黄色，花期9～11月，果期翌年3～5月。常春藤叶形美丽，四季常青，在南方各地常作垂直绿化使用。多栽植于假山旁、墙根，让其自然附着垂直或覆盖生长，起到装饰美化环境的效果。盆栽时，以中小盆裁为主，可进行多种造型，在室内陈设。也可用来遮盖室内花园的壁面，使其室内花园景观更加自然美丽。常春藤全株均可入药，有祛风湿、活血消肿的作用，对跌打损伤、腰腿疼、风湿性关节炎等症均有治疗效果。', (SELECT * FROM OPENROWSET(BULK 'C:\MyData\C#_Database\Homeworks\Final Project\RawData\pics\14_specimen.jpg', SINGLE_BLOB) AS img1), (SELECT * FROM OPENROWSET(BULK 'C:\MyData\C#_Database\Homeworks\Final Project\RawData\pics\14_item.jpg', SINGLE_BLOB) AS img2)); 
INSERT INTO Species(sname, nickname, sLatin, family, env, region, link, sdesp, specimen_img, colorful_img) 
VALUES('鱼腥草', '狗心草、折耳根、狗点耳', 'Houltuynia cordata', '三白草科', '山地沟边塘边川埂林下湿地', '江苏、浙江、江西、安徽、四川、云南、贵州、广东、广西等', 'https://baike.baidu.com/item/鱼腥草', '鱼腥草（英文名HERBAHOUTTUYNIAE）是中国药典收录的草药，草药来源为三白草科植物蕺菜的干燥地上部分。夏季茎叶茂盛花穗多时采割，除去杂质，晒干。草药性状：茎呈扁圆柱形，扭曲，长20～35cm，直径0.2～0.3cm；表面棕黄色，具纵棱数条，节明显，下部节上有残存须根；质脆，易折断。叶互生，叶片卷折皱缩，展平后呈心形，长3～5cm，宽3～4.5cm；先端渐尖，全缘；上表面暗黄绿色至暗棕色，下表面灰绿色或灰棕色；叶柄细长，基部与托叶合生成鞘状。穗状花序顶生，黄棕色。搓碎有鱼腥气味。鱼腥草味辛，性寒凉，归肺经。能清热解毒、消肿疗疮、利尿除湿、清热止痢、健胃消食，用治实热、热毒、湿邪、疾热为患的肺痈、疮疡肿毒、痔疮便血、脾胃积热等。现代药理实验表明，本品具有抗菌、抗病毒、提高机体免疫力、利尿等作用。', (SELECT * FROM OPENROWSET(BULK 'C:\MyData\C#_Database\Homeworks\Final Project\RawData\pics\15_specimen.jpg', SINGLE_BLOB) AS img1), (SELECT * FROM OPENROWSET(BULK 'C:\MyData\C#_Database\Homeworks\Final Project\RawData\pics\15_item.jpg', SINGLE_BLOB) AS img2)); 
INSERT INTO Species(sname, nickname, sLatin, family, env, region, link, sdesp, specimen_img, colorful_img) 
VALUES('柳杉', '长叶孔雀松', 'Cryptomeria japonica var. sinensis Miquel', '杉科', '山谷边，山谷溪边潮湿林中', '江苏、浙江、安徽南部、河南、湖北、湖南、四川、贵州、广东等', 'https://baike.baidu.com/item/柳杉', '柳杉，拉丁学名：Cryptomeriajaponicavar.sinensisMiquel，又名长叶孔雀松。乔木，高达40米，胸径可达2米多，树冠狭圆锥形或圆锥形；树皮红棕色，纤维状，裂成长条片状脱落；大枝近轮生，平展或斜展；小枝细长，常下垂，绿色，枝条中部的叶较长，常向两端逐渐变短。叶钻形略向内弯曲，先端内曲，四边有气孔线，长1-1.5厘米，果枝的叶通常较短，幼树及萌芽枝的叶长达2.4厘米，四面有气孔线。可作观赏植物，也可药用。', (SELECT * FROM OPENROWSET(BULK 'C:\MyData\C#_Database\Homeworks\Final Project\RawData\pics\16_specimen.jpg', SINGLE_BLOB) AS img1), (SELECT * FROM OPENROWSET(BULK 'C:\MyData\C#_Database\Homeworks\Final Project\RawData\pics\16_item.jpg', SINGLE_BLOB) AS img2)); 
INSERT INTO Species(sname, nickname, sLatin, family, env, region, link, sdesp, specimen_img, colorful_img) 
VALUES('刘寄奴', '南刘寄奴、九牛草、六月霜、金寄奴、乌藤菜、珍珠', 'Herba Artemisiae Anomalae', '菊科', '林缘路旁沟边河岸灌丛荒坡', '主要分布于江苏、浙江、江西等地', 'https://baike.baidu.com/item/%E5%88%98%E5%AF%84%E5%A5%B4/1995829', '刘寄奴是菊科植物奇蒿的全草。多年生草本植物，头状花序长圆形或卵形，直径2-2.5毫米，无梗或近无梗，在分枝上端或分枝的小枝上排成密穗状花序，并在茎上端组成狭窄或稍开展的圆锥花序；花冠狭管状，檐部具2裂齿，花柱长，伸出花冠外，先端2叉，叉端钝尖；两性花6-8朵，花冠管状，花药线形，先端附属物尖，长三角形，基部圆钝，花柱略长于花冠，先端2叉，叉端截形，并有睫毛。瘦果倒卵形或长圆状倒卵形。秋季开花时采割，除去杂质，晒干。以叶绿、花穗黄、香气浓郁者为佳。活血通经，散瘀止痛，止血消肿，消食化积。用于瘀滞经闭，产后腹痛，跌打损伤，外伤出血，疮痈肿毒，食积腹痛。', NULL, (SELECT * FROM OPENROWSET(BULK 'C:\MyData\C#_Database\Homeworks\Final Project\RawData\pics\17_item.jpg', SINGLE_BLOB) AS img2)); 
INSERT INTO Species(sname, nickname, sLatin, family, env, region, link, sdesp, specimen_img, colorful_img) 
VALUES('一年蓬', NULL, 'Erigeron annuus', '菊科', '山坡路边及田野', '吉林、河北、山东、江苏、安徽、浙江、江西、福建、河南、湖北、湖南、四川及西藏等地', 'https://baike.baidu.com/item/一年蓬', '一年蓬，中药名。为菊科植物一年蓬Erigeronannuus(L.)Pers.的全草。分布于吉林、河北、山东、江苏、安徽、浙江、江西、福建、河南、湖北、湖南、四川及西藏等地。具有消食止泻，清热解毒，截疟之功效。用于消化不良，胃肠炎，齿龈炎，疟疾，毒蛇咬伤。', (SELECT * FROM OPENROWSET(BULK 'C:\MyData\C#_Database\Homeworks\Final Project\RawData\pics\18_specimen.jpg', SINGLE_BLOB) AS img1), (SELECT * FROM OPENROWSET(BULK 'C:\MyData\C#_Database\Homeworks\Final Project\RawData\pics\18_item.jpg', SINGLE_BLOB) AS img2)); 
INSERT INTO Species(sname, nickname, sLatin, family, env, region, link, sdesp, specimen_img, colorful_img) 
VALUES('山胡椒', NULL, 'Lindera glauca (Sieb. et Zucc.) Bl.', '樟科', '山坡林缘路旁', '中国陕西、甘肃、山西、江苏、安徽、浙江、江西、福建、台湾、广东、广西、湖北、湖南、四川等省区、印度支那、朝鲜、日本', 'https://baike.baidu.com/item/山胡椒', '山胡椒（学名：Linderaglauca(Sieb.etZucc.)Bl）是樟科、山胡椒属落叶灌木或小乔木，高可达8米；树皮平滑，灰色或灰白色。冬芽长角锥形，芽鳞裸露部分红色，幼枝条白黄色，叶互生，叶片宽椭圆形、椭圆形、倒卵形到狭倒卵形，上面深绿色，下面淡绿色，叶枯后不落，翌年新叶发出时落下。伞形花序腋生，雄花花被片黄色，椭圆形，花丝无毛，退化雌蕊细小，椭圆形，雌花花被片黄色，椭圆或倒卵形，子房椭圆形，柱头盘状；花梗熟时黑褐色；3-4月开花，7-8月结果。分布于中国昆嵛山以南、河南嵩县以南，陕西郧县以南以及甘肃、山西、江苏、安徽、浙江、江西、福建、台湾、广东、广西、湖北、湖南、四川等省区。印度支那、朝鲜、日本也有分布。生于海拔900米左右以下山坡、林缘、路旁。山胡椒木材可作家具；叶、果皮可提芳香油；种仁油含月桂酸，油可作肥皂和润滑油；根、枝、叶、果药用；叶可温中散寒、破气化滞、祛风消肿；根治劳伤脱力、水湿浮肿、四肢酸麻、风湿性关节炎、跌打损伤；果可治胃痛。', (SELECT * FROM OPENROWSET(BULK 'C:\MyData\C#_Database\Homeworks\Final Project\RawData\pics\19_specimen.jpg', SINGLE_BLOB) AS img1), (SELECT * FROM OPENROWSET(BULK 'C:\MyData\C#_Database\Homeworks\Final Project\RawData\pics\19_item.jpg', SINGLE_BLOB) AS img2)); 
INSERT INTO Species(sname, nickname, sLatin, family, env, region, link, sdesp, specimen_img, colorful_img) 
VALUES('鸭儿芹', NULL, 'Cryptotaenia japonica Hassk.', '伞形科', '山地山沟及林下阴湿处', '朝鲜、日本和中国', 'https://baike.baidu.com/item/鸭儿芹', '鸭儿芹（学名：CryptotaeniajaponicaHassk.）是伞形科鸭儿芹属植物。多年生草本，高20-100厘米。主根短，侧根多数，细长。茎直立，光滑，有分枝。基生叶或上部叶有柄，叶柄长5-20厘米，叶鞘边缘膜质；叶片轮廓三角形至广卵形。复伞形花序呈圆锥状，花序梗不等长，总苞片1，呈线形或钻形。分生果线状长圆形合生面略收缩，胚乳腹面近平直，每棱槽内有油管1-3，合生面油管4。花期4-5月，果期6-10月。分布于朝鲜、日本和中国；在中国分布于河北、安徽、江苏、浙江、福建、江西、广东、广西、湖北、湖南、山西、陕西、甘肃、四川、贵州和云南。通常生长于海拔200-2400米的山地、山沟及林下较阴湿的地区。全草入药，治虚弱，尿闭及肿毒等，民间有用全草捣烂外敷治蛇咬伤。种子含油约22%，可用于制肥皂和油漆。鸭儿芹营养丰富且口味鲜美，具有芫荽和芹菜的香气，是日本料理的常用菜。', (SELECT * FROM OPENROWSET(BULK 'C:\MyData\C#_Database\Homeworks\Final Project\RawData\pics\20_specimen.jpg', SINGLE_BLOB) AS img1), (SELECT * FROM OPENROWSET(BULK 'C:\MyData\C#_Database\Homeworks\Final Project\RawData\pics\20_item.jpg', SINGLE_BLOB) AS img2)); 
INSERT INTO Species(sname, nickname, sLatin, family, env, region, link, sdesp, specimen_img, colorful_img) 
VALUES('红花檵木', '红继木、红梽木', 'Loropetalum chinense var. rubrum Yieh', '金缕梅科', '肥沃湿润的微酸性土壤', '长江中下游及以南地区、印度北部', 'https://baike.baidu.com/item/红花檵木', '红花檵木（拉丁学名：Loropetalumchinensevar.rubrum），又名：红继木、红梽木、红桎木、红檵花、红梽花、红桎花、红花继木，为金缕梅科、檵木属檵木的变种，常绿灌木或小乔木。树皮暗灰或浅灰褐色，多分枝。嫩枝红褐色，密被星状毛。叶革质互生，卵圆形或椭圆形，长2～5cm，先端短尖，基部圆而偏斜，不对称，两面均有星状毛，全缘，叶面暗红色，背部偏灰。花瓣4枚，紫红色线形长1～2cm，花3～8朵簇生于小枝端。蒴果褐色，近卵形。花期4～5月，花期长，约30～40天，国庆节能再次开花。花3～8朵簇生在总梗上呈顶生头状花序，紫红色。果期8月。主要分布于长江中下游及以南地区、印度北部。花、根、叶可药用。', (SELECT * FROM OPENROWSET(BULK 'C:\MyData\C#_Database\Homeworks\Final Project\RawData\pics\21_specimen.jpg', SINGLE_BLOB) AS img1), (SELECT * FROM OPENROWSET(BULK 'C:\MyData\C#_Database\Homeworks\Final Project\RawData\pics\21_item.jpg', SINGLE_BLOB) AS img2)); 
INSERT INTO Species(sname, nickname, sLatin, family, env, region, link, sdesp, specimen_img, colorful_img) 
VALUES('长柄冷水花', NULL, 'Pilea angulata (Bl.) Bl. subsp.petiolaris (Sieb. et Zucc.) C. J. Chen', '荨麻科', '山坡树林下阴暗潮湿处', '台湾、福建、浙江、江西、广东、广西、湖南、贵州、四川、云南、日本', 'https://baike.baidu.com/item/长柄冷水花', '长柄冷水花（学名：Pileaangulata(Bl.)Bl.subsp.petiolaris(Sieb.etZucc.)C.J.Chen）是荨麻科圆瓣冷水花系雌雄同株植物。生长在山坡树林下的阴暗潮湿处。与圆瓣冷水花区别主要在于本亚种植物雌雄同株（雄花序生下部）；雄花序聚伞总状，有少数分枝，长1-5厘米，花簇头状，稀疏地着生于花枝上，有时紧缩成簇生状。', (SELECT * FROM OPENROWSET(BULK 'C:\MyData\C#_Database\Homeworks\Final Project\RawData\pics\22_specimen.jpg', SINGLE_BLOB) AS img1), (SELECT * FROM OPENROWSET(BULK 'C:\MyData\C#_Database\Homeworks\Final Project\RawData\pics\22_item.jpg', SINGLE_BLOB) AS img2)); 
INSERT INTO Species(sname, nickname, sLatin, family, env, region, link, sdesp, specimen_img, colorful_img) 
VALUES('紫薇', '入惊儿树、百日红、满堂红、痒痒树、紫金花、紫兰花、蚊子花、西洋水杨梅、无皮树', 'Lagerstroemia indica L.', '千屈菜科', '公路边景观植物', '中国广东、广西、湖南、福建、江西、浙江、江苏、湖北、河南、河北、山东、安徽、陕西、四川、云南、贵州及吉林', 'https://baike.baidu.com/item/紫薇', '紫薇（学名：LagerstroemiaindicaL.）是千屈菜科、紫薇属植物。落叶灌木或小乔木。紫薇高可达7米，枝干多扭曲、小枝纤细，树皮平滑、灰色或灰褐色；叶互生或有时对生，纸质，椭圆形、阔矩圆形或倒卵形，幼时绿色至黄色，成熟时或干燥时呈紫黑色，室背开裂；种子有翅，长约8毫米；花期6-9月，果期9-12月。原产亚洲，广植于热带地区。中国广东、广西、湖南、福建、江西、浙江、江苏、湖北、河南、河北、山东、安徽、陕西、四川、云南、贵州及吉林均有生长或栽培；半阴生，喜生于肥沃湿润的土壤上，也能耐旱，不论钙质土或酸性土都生长良好。紫薇树姿优美，树干光滑洁净，花色艳丽；开花时正当夏秋少花季节，花期长，故有“百日红”之称，又有“盛夏绿遮眼，此花红满堂”的赞语，是观花、观干、观根的盆景良材；根、皮、叶、花皆可入药。', (SELECT * FROM OPENROWSET(BULK 'C:\MyData\C#_Database\Homeworks\Final Project\RawData\pics\23_specimen.jpg', SINGLE_BLOB) AS img1), (SELECT * FROM OPENROWSET(BULK 'C:\MyData\C#_Database\Homeworks\Final Project\RawData\pics\23_item.jpg', SINGLE_BLOB) AS img2)); 
INSERT INTO Species(sname, nickname, sLatin, family, env, region, link, sdesp, specimen_img, colorful_img) 
VALUES('车轴草', '白花苜蓿、金花草、菽草翘摇、白花三叶草', 'Trifolium repens L.', '豆科', '公路边丛中或湿润草地中', '欧洲、非洲、中国', 'https://baike.baidu.com/item/车轴草', '白车轴草（TrifoliumrepensL.）又名白三叶、白花三叶草、白三草、车轴草、荷兰翘摇等，多年生草本；为栽培植物，有时逸生为杂草，侵入旱作物田，危害不重，对局部地区的蔬菜、幼林有危害。生长期达6年，高10-30厘米。主根短，侧根和须根发达，茎匍匐蔓生，上部稍上升，节上生根，全株无毛。掌状三出复叶；托叶卵状披针形，膜质，基部抱茎成鞘状，离生部分锐尖。其适应性广，抗热抗寒性强，可在酸性土壤中旺盛生长，也可在砂质土中生长，有一定的观赏价值，是世界各国主要栽培牧草之一，在中国主要用于草地建设，具有良好的生态和经济价值。', (SELECT * FROM OPENROWSET(BULK 'C:\MyData\C#_Database\Homeworks\Final Project\RawData\pics\24_specimen.jpg', SINGLE_BLOB) AS img1), (SELECT * FROM OPENROWSET(BULK 'C:\MyData\C#_Database\Homeworks\Final Project\RawData\pics\24_item.jpg', SINGLE_BLOB) AS img2)); 
INSERT INTO Species(sname, nickname, sLatin, family, env, region, link, sdesp, specimen_img, colorful_img) 
VALUES('木槿', '木棉、荆条、朝开暮落花、喇叭花', 'Hibiscus syriacus L.', '锦葵科', '公路边景观植物', '中国中部各省原产，各地均有栽培', 'https://baike.baidu.com/item/木槿', '木槿（学名：HibiscussyriacusLinn.）：落叶灌木，高3-4米，小枝密被黄色星状绒毛。叶菱形至三角状卵形，长3-10厘米，宽2-4厘米，具深浅不同的3裂或不裂，先端钝，基部楔形，边缘具不整齐齿缺，下面沿叶脉微被毛或近无毛。花单生于枝端叶腋间，花萼钟形，长14-20毫米，密被星状短绒毛，裂片5，三角形；花朵色彩有纯白、淡粉红、淡紫、紫红等，花形呈钟状，有单瓣、复瓣、重瓣几种。外面疏被纤毛和星状长柔毛。蒴果卵圆形，直径约12毫米，密被黄色星状绒毛；种子肾形，背部被黄白色长柔毛。花期7-10月。木槿是一种在庭园很常见的灌木花种，中国中部各省原产，各地均有栽培。在园林中可做花篱式绿篱，孤植和丛植均可。木槿种子入药，称“朝天子”。木槿是韩国的国花。', (SELECT * FROM OPENROWSET(BULK 'C:\MyData\C#_Database\Homeworks\Final Project\RawData\pics\25_specimen.jpg', SINGLE_BLOB) AS img1), (SELECT * FROM OPENROWSET(BULK 'C:\MyData\C#_Database\Homeworks\Final Project\RawData\pics\25_item.jpg', SINGLE_BLOB) AS img2)); 
INSERT INTO Species(sname, nickname, sLatin, family, env, region, link, sdesp, specimen_img, colorful_img) 
VALUES('苋菜', '雁来红，老来少，三色苋', 'Amaranthus tricolor L.', '苋科', '田埂中', '原产印度，分布于亚洲南部、中亚、日本等地', 'https://baike.baidu.com/item/苋菜', '苋，别名：雁来红、老少年、老来少、三色苋等。苋科、苋属一年生草本植物，高可达150厘米；茎粗壮，绿色或红色，常分枝，幼时有毛或无毛。叶片卵形、菱状卵形或披针形，绿色或常成红色，紫色或黄色，或部分绿色加杂其他颜色，顶端圆钝或尖凹，基部楔形，全缘或波状缘，无毛。喜温、喜光，最适生长温度为23～27℃，耐旱、耐盐碱，对土壤要求不严，原产印度，分布于亚洲南部、中亚、日本等地。有清热，利窍。治赤白痢疾，二便不通等功效。图片取自中国植物图库', (SELECT * FROM OPENROWSET(BULK 'C:\MyData\C#_Database\Homeworks\Final Project\RawData\pics\26_specimen.jpg', SINGLE_BLOB) AS img1), (SELECT * FROM OPENROWSET(BULK 'C:\MyData\C#_Database\Homeworks\Final Project\RawData\pics\26_item.jpg', SINGLE_BLOB) AS img2)); 
INSERT INTO Species(sname, nickname, sLatin, family, env, region, link, sdesp, specimen_img, colorful_img) 
VALUES('龙葵', '黑星星、野海椒、石海椒、野伞子、悠悠、黑天天、黑豆豆等[3]、天星星', 'Solanum nigrum L.', '茄科', '在田边，荒地及村庄附近', '欧、亚、美洲的温带至热带地区', 'https://baike.baidu.com/item/龙葵', '龙葵（学名：SolanumnigrumL.）是茄科、茄属一年生草本植物，全草高30-120厘米；茎直立，多分枝；卵形或心型叶子互生，近全缘；夏季开白色小花，4-10朵成聚伞花序；球形浆果，成熟后为黑紫色。浆果和叶子均可食用，但叶子含有大量生物碱，须经煮熟后方可解毒。全株入药，可散瘀消肿，清热解毒。几乎全中国有分布。喜欢在田边生长，荒地及村庄附近。广泛分布在欧、亚、美洲的温带至热带地区。', (SELECT * FROM OPENROWSET(BULK 'C:\MyData\C#_Database\Homeworks\Final Project\RawData\pics\27_specimen.jpg', SINGLE_BLOB) AS img1), (SELECT * FROM OPENROWSET(BULK 'C:\MyData\C#_Database\Homeworks\Final Project\RawData\pics\27_item.jpg', SINGLE_BLOB) AS img2)); 
INSERT INTO Species(sname, nickname, sLatin, family, env, region, link, sdesp, specimen_img, colorful_img) 
VALUES('苎麻', '白叶苎麻', 'Boehmeria nivea (L.) Gaudich.', '荨麻科', '山谷林边或路旁', '中国南部', 'https://baike.baidu.com/item/苎麻', '苎麻（学名：Boehmerianivea(L.)Gaudich.）是荨麻科、苎麻属亚灌木或灌木植物。别称：（名医别录）野麻（广东、贵州、湖南、湖北、安徽），野苎麻（贵州、浙江、江苏、湖北、河南、陕西、甘肃），家麻（江西），苎仔（台湾），青麻（广西、湖北），白麻（广西）。苎麻中国古代重要的纤维作物之一。原产于中国西南地区。新石器时代长江中下游一些地方就已有种植。考古出土年代最早的是浙江钱山漾新石器时代遗址出土的苎麻布和细麻绳，距今已有4700余年。中国是苎麻品种变异类型和苎麻属野生种较多的国家，中国苎麻栽培历史最悠久，距今已4700年以上。苎麻较适应温带和亚热带气候。苎麻叶是蛋白质含量较高、营养丰富的饲料。麻根含有“苎麻酸”的药用成份，有补阴、安胎、治产前产后心烦，以及治疔疮等作用。麻骨可作造纸原料，或制造可做家具和板壁等多种用途的纤维板。麻骨可作造纸原料，或制造可做家具和板壁等多种用途的纤维板。麻骨还可酿酒、制糖。麻壳可脱胶提取纤维，供纺织、造纸或修船填料之用。鲜麻皮上刮下的麻壳，可提取糠醛，而糠醛是化学工业的精炼溶液剂，又是树脂塑料。', (SELECT * FROM OPENROWSET(BULK 'C:\MyData\C#_Database\Homeworks\Final Project\RawData\pics\28_specimen.jpg', SINGLE_BLOB) AS img1), (SELECT * FROM OPENROWSET(BULK 'C:\MyData\C#_Database\Homeworks\Final Project\RawData\pics\28_item.jpg', SINGLE_BLOB) AS img2)); 
INSERT INTO Species(sname, nickname, sLatin, family, env, region, link, sdesp, specimen_img, colorful_img) 
VALUES('井栏边草', '凤尾草、井口边草、山鸡尾、井茜', 'Pteris multifida Poir.', '凤尾蕨科', '墙壁根沿处', '中国河北、山东、河南、陕西、四川、贵州、广西、广东、福建、台湾、浙江、江苏、安徽、江西、湖南、湖北、越南、菲律宾、日本', 'https://baike.baidu.com/item/井栏边草', '井栏边草（学名：PterismultifidaPoir.）是凤尾蕨科，凤尾蕨属陆中小型蕨类植物，植株高可达45厘米。根状茎短而直立，先端被黑褐色鳞片。叶多数，密而簇生，叶片卵状长圆形，一回羽状，羽片通常对生，无柄，线状披针形，先端渐尖，有时近羽状，能育叶有较长的柄，羽片狭线形，叶轴禾秆色，稍有光泽。分布于中国河北、山东、河南、陕西、四川、贵州、广西、广东、福建、台湾、浙江、江苏、安徽、江西、湖南、湖北。越南、菲律宾、日本也有分布。生长在海拔1000米以下的墙壁、井边及石灰岩缝隙或灌丛下。井栏边草全草入药，味淡，性凉，能清热利湿、解毒、凉血、收敛、止血、止痢之功效。', (SELECT * FROM OPENROWSET(BULK 'C:\MyData\C#_Database\Homeworks\Final Project\RawData\pics\29_specimen.jpg', SINGLE_BLOB) AS img1), (SELECT * FROM OPENROWSET(BULK 'C:\MyData\C#_Database\Homeworks\Final Project\RawData\pics\29_item.jpg', SINGLE_BLOB) AS img2)); 
INSERT INTO Species(sname, nickname, sLatin, family, env, region, link, sdesp, specimen_img, colorful_img) 
VALUES('鸡矢藤', NULL, 'Paederia scandens (Lour.) Merr.', '茜草科', '生于山坡、林中、林缘、沟谷边灌丛中或缠绕在灌木上', '中国福建、广东等省、越南、印度', 'https://baike.baidu.com/item/%E9%B8%A1%E7%9F%A2%E8%97%A4/54314229', '鸡矢藤（学名：Paederiascandens(Lour.)Merr.）是茜草科、鸡矢藤属藤状灌木，无毛或近无毛。叶对生，纸质或近革质，叶片形状变化很大，卵形、卵状长圆形至披针形，侧脉纤细；叶柄、托叶无毛。圆锥花序式的聚伞花序腋生和顶生，扩展，分枝对生；小苞片披针形，花有或无短梗；萼管陀螺形，花萼裂片三角形，花冠浅紫色，冠管外面被粉末状柔毛，内面被绒毛，花药背着，花丝长短不齐。果球形，成熟时近黄色，顶冠以宿存的萼裂片和花盘；小坚果无翅，浅黑色。5-6月开花。分布于中国福建、广东等省；越南和印度也有分布。生长在海拔200-2000米的山坡、林中、林缘、沟谷边灌丛中或缠绕在灌木上。多生长于气候温暖、潮湿的环境中，且耐寒、耐旱、耐瘠薄。鸡矢藤适宜作园林景观中的藤本地被植物，可用来覆盖山石荒坡，美化矮墙，栽植绿篱，亦可用于花架垂直绿化。中国民间常用草药之一。全草入药，有祛风活血、止痛消肿、抗结核功效。用于风湿痹痛、小儿痢积、痢疾、腹胀等。因有清热解毒、去湿、滋补的功能，故民间又叫“土参”。叶片可食，是一些地方的特色食品虽然鲜叶有异味，但煮熟后清香味美，山民们夏季多以其当茶饮，也可用绿叶制成汤圆和其他特色小吃。', (SELECT * FROM OPENROWSET(BULK 'C:\MyData\C#_Database\Homeworks\Final Project\RawData\pics\30_specimen.jpg', SINGLE_BLOB) AS img1), (SELECT * FROM OPENROWSET(BULK 'C:\MyData\C#_Database\Homeworks\Final Project\RawData\pics\30_item.jpg', SINGLE_BLOB) AS img2)); 
INSERT INTO Species(sname, nickname, sLatin, family, env, region, link, sdesp, specimen_img, colorful_img) 
VALUES('凤仙花', '指甲花、急性子、灯盏花、小桃红[2]', 'Impatiens balsamina L.', '凤仙花科', '公路边村民家外', '中国、印度和马来西亚', 'https://baike.baidu.com/item/凤仙花', '凤仙花（学名：ImpatiensbalsaminaL.）是凤仙花科、凤仙花属植物。一年生草本，高60-100厘米。茎粗壮，肉质，直立，不分枝或有分枝，无毛或幼时被疏柔毛，基部直径可达8毫米。叶互生，最下部叶有时对生；叶片披针形、狭椭圆形或倒披针形。花单生或2-3朵簇生于叶腋，无总花梗，白色、粉红色或紫色，单瓣或重瓣；花梗长2-2.5厘米，密被柔毛。蒴果宽纺锤形，长10-20毫米：两端尖，密被柔毛。种子多数，圆球形，直径1.5-3毫米，黑褐色。花期7-10月。凤仙花原产于中国、印度和马来西亚。中国各地庭园广泛栽培，为习见的观赏花卉。喜温暖、光照充足，不耐寒冷。喜湿润、排水良好的土壤。中国民间常用其花及叶染指甲。茎及种子入药。茎称“凤仙透骨草”，有祛风湿、活血、止痛之效，用于治风湿性关节痛、屈伸不利；种子称“急性子”，有软坚、消积之效，用于治噎膈、骨鲠咽喉、腹部肿块、闭经。凤仙花在中国浙江省宁海县却作为四大腌制蔬菜（雪里蕻、凤仙花、冬瓜、荞头）之一，是居家必备的家常菜。除作花境和盆景装置外，也可作切花。', (SELECT * FROM OPENROWSET(BULK 'C:\MyData\C#_Database\Homeworks\Final Project\RawData\pics\31_specimen.jpg', SINGLE_BLOB) AS img1), (SELECT * FROM OPENROWSET(BULK 'C:\MyData\C#_Database\Homeworks\Final Project\RawData\pics\31_item.jpg', SINGLE_BLOB) AS img2)); 
INSERT INTO Species(sname, nickname, sLatin, family, env, region, link, sdesp, specimen_img, colorful_img) 
VALUES('构骨', '猫儿刺、老虎刺、八角刺、鸟不宿、狗骨刺、猫儿香、老鼠树', 'Ilex cornuta Lindl. et Paxt.', '冬青科', '山坡灌丛中、疏林中以及路边、溪旁和村舍附近', '原产于中国长江中下游地区各省，后来才传入欧洲', 'https://baike.baidu.com/item/构骨', '枸骨（学名：Ilexcornuta）又名猫儿刺、老虎刺等，为常绿灌木或小乔木，叶形奇特，碧绿光亮，四季常青，入秋后红果满枝，经冬不凋，艳丽可爱，是优良的观叶、观果树种，在欧美国家常用于圣诞节的装饰，故也称“圣诞树”。', (SELECT * FROM OPENROWSET(BULK 'C:\MyData\C#_Database\Homeworks\Final Project\RawData\pics\32_specimen.jpg', SINGLE_BLOB) AS img1), (SELECT * FROM OPENROWSET(BULK 'C:\MyData\C#_Database\Homeworks\Final Project\RawData\pics\32_item.jpg', SINGLE_BLOB) AS img2)); 
INSERT INTO Species(sname, nickname, sLatin, family, env, region, link, sdesp, specimen_img, colorful_img) 
VALUES('海金沙', NULL, 'Lygodium japonicum (Thunb.) Sw.', '海金沙科', '山中林间路旁', '中国福建、广东等省；越南和印度', 'https://baike.baidu.com/item/%E6%B5%B7%E9%87%91%E6%B2%99/24160351', '海金沙（学名：Lygodiumjaponicum(Thunb.)Sw.）是海金沙科、海金沙属陆生攀援植物。植株高可达4米。叶轴上面有狭边，羽片多数，对生于叶轴上的短距两侧，平展。不育羽片尖三角形，长宽几相等，同羽轴一样多少被短灰毛，两侧并有狭边，一回羽片，互生，二回小羽片，卵状三角形，掌状三裂；末回裂片短阔，波状浅裂；叶缘有不规则的浅圆锯齿。主脉明显，侧脉纤细，叶纸质，能育羽片卵状三角形，长宽几相等，孢子囊往往长远超过小羽片的中央不育部分，排列稀疏，暗褐色，无毛。 
分布于中国江苏、浙江、安徽南部、福建、台湾、广东、香港、广西、湖南、贵州、四川、云南、陕西南部。日本、琉球、锡兰、爪哇、菲律宾、印度、热带澳洲都有分布。多生于路边、山坡灌丛、林缘溪谷丛林中，常缠绕生长于其它较大型的植物上。喜温暖湿润环境、空气相对湿度6O%以上，喜散射光，忌阳光直射，喜排水良好的沙质壤土。 
海金沙甘寒无毒。主治：通利小肠，疗伤寒热狂，治湿热肿毒，小便热淋膏淋血淋石淋经痛，解热毒气。', (SELECT * FROM OPENROWSET(BULK 'C:\MyData\C#_Database\Homeworks\Final Project\RawData\pics\33_specimen.jpg', SINGLE_BLOB) AS img1), (SELECT * FROM OPENROWSET(BULK 'C:\MyData\C#_Database\Homeworks\Final Project\RawData\pics\33_item.jpg', SINGLE_BLOB) AS img2)); 
INSERT INTO Species(sname, nickname, sLatin, family, env, region, link, sdesp, specimen_img, colorful_img) 
VALUES('南天竹', '南天竺，红杷子，天烛子，红枸子，钻石黄，天竹，兰竹', 'Nandina domestica Thunb.', '小檗科', '山中林间路旁', '湖北、江苏、浙江、安徽、江西、广东、广西、云南、四川等省', 'https://baike.baidu.com/item/南天竹', '南天竹，别名：南天竺，红杷子，天烛子，红枸子，钻石黄，天竹，兰竹；拉丁文名：Nandinadomestica.属毛茛目、小檗科下植物，是我国南方常见的木本花卉种类。由于其植株优美，果实鲜艳，对环境的适应性强，常常出现在园林应用中。常见栽培变种有：玉果南天竹，浆果成熟时为白色；绵丝南天竹，叶色细如丝；紫果南天竹，果实成熟时呈淡紫色；圆叶南天竹，叶圆形，且有光泽。因其形态优越清雅，也常被用以制作盆景或盆栽来装饰窗台、门厅、会场等。', (SELECT * FROM OPENROWSET(BULK 'C:\MyData\C#_Database\Homeworks\Final Project\RawData\pics\34_specimen.jpg', SINGLE_BLOB) AS img1), (SELECT * FROM OPENROWSET(BULK 'C:\MyData\C#_Database\Homeworks\Final Project\RawData\pics\34_item.jpg', SINGLE_BLOB) AS img2)); 
INSERT INTO Species(sname, nickname, sLatin, family, env, region, link, sdesp, specimen_img, colorful_img) 
VALUES('山合欢', NULL, 'Albizia kalkora (Roxb.) Prain', '豆科', '天目山南门口路旁', '我国华北、西北、华东、华南至西南部各省区', 'https://baike.baidu.com/item/山合欢', '山合欢（拉丁学名：Albiziakalkora(Roxb.)Prain）为豆科合欢属落叶小乔木或灌木，通常高3-8米；枝条暗褐色，被短柔毛，有显著皮孔。二回羽状复叶；羽片2-4对;小叶5-14对，长圆形或长圆状卵形。荚果带状，长7-17厘米，宽1.5-3厘米，深棕色，嫩荚密被短柔毛，老时无毛；种子4-12颗，倒卵形。花期5-6月；果期8-10月。产我国华北、西北、华东、华南至西南部各省区。生于山坡灌丛、疏林中。越南、缅甸、印度亦有分布。', (SELECT * FROM OPENROWSET(BULK 'C:\MyData\C#_Database\Homeworks\Final Project\RawData\pics\35_specimen.jpg', SINGLE_BLOB) AS img1), (SELECT * FROM OPENROWSET(BULK 'C:\MyData\C#_Database\Homeworks\Final Project\RawData\pics\35_item.jpg', SINGLE_BLOB) AS img2)); 
INSERT INTO Species(sname, nickname, sLatin, family, env, region, link, sdesp, specimen_img, colorful_img) 
VALUES('稀花蓼', NULL, 'Polygonum dissitiflorum Hemsl', '蓼科', '生于河边湿地、山谷草丛', '我国吉林、青海柴达木盆地及新疆东部（大红山）、黑龙江省及华北各省区，俄罗斯(远东地区)、朝鲜', 'https://baike.baidu.com/item/%E7%A8%80%E8%8A%B1%E8%93%BC/9718210', '一年生草本，高达1米。茎直立或基部平卧，有分枝，下部无毛，上部具小刺。托叶鞘褐色，膜质，先端稍有缘毛或无；叶柄长约2厘米，有细刺毛；叶片卵状椭圆形或戟形，长5-14厘米，3-8厘米，基部心形，先端渐尖，两面有疏生星状毛，背沿脉稍有刺毛。锥花序开展，顶生或腋生，疏散分枝，着生少数花，花序梗和花梗密被有枣红色柄的腺毛，每花梗着生1-3花；苞片绿色，长约2先端斜截形，有缘毛；花被红色，5裂，有光泽，长约4毫米；雄蕊8，花粉粒球形，网状纹饰。坚果近球形，微有三棱，长约4毫米，栗色，有光泽，外被宿存的花被。', (SELECT * FROM OPENROWSET(BULK 'C:\MyData\C#_Database\Homeworks\Final Project\RawData\pics\36_specimen.jpg', SINGLE_BLOB) AS img1), (SELECT * FROM OPENROWSET(BULK 'C:\MyData\C#_Database\Homeworks\Final Project\RawData\pics\36_item.jpg', SINGLE_BLOB) AS img2)); 
INSERT INTO Species(sname, nickname, sLatin, family, env, region, link, sdesp, specimen_img, colorful_img) 
VALUES('圆叶冬青', '海岛冬青', 'Ilex goshiensis Hayata', '冬青科', '山中林间路旁', '中国南部各省、台湾、日本', 'https://baike.baidu.com/item/圆叶冬青', '常绿灌木或乔木，高可达12米，树皮灰褐色、叶片革质，阔椭圆形或近菱状椭圆形，长3～5厘米，宽1.5～2.5厘米；花4或5基数；花萼盘状，直径约2毫米，被微柔毛，4浅裂，裂片圆形，密具缘毛；花冠辐状，直径4～5毫米，花瓣长圆形，4枚，稀5，长约1.7毫米，基部稍合生，无缘毛；雄蕊短于花瓣，花药长圆形；退化子房近球形，中央稍凹人。雌花未见。果单生或稀为具3果的聚伞果序簇生于叶腋内，果梗长3～5(～8)毫米，当3果时，总花梗长约5毫米，果梗长约2.5毫米；果球形，直径约4毫米；宿存花萼平展，4或5裂，具缘毛；宿存柱头盘状，稍隆起，4裂；分核4，稀5，半圆形，长1.7～2毫米，背部宽1.2～1.8毫米，背面具3条纵棱，无沟槽，侧面平滑。果期9～10月。', (SELECT * FROM OPENROWSET(BULK 'C:\MyData\C#_Database\Homeworks\Final Project\RawData\pics\37_specimen.jpg', SINGLE_BLOB) AS img1), (SELECT * FROM OPENROWSET(BULK 'C:\MyData\C#_Database\Homeworks\Final Project\RawData\pics\37_item.jpg', SINGLE_BLOB) AS img2)); 
INSERT INTO Species(sname, nickname, sLatin, family, env, region, link, sdesp, specimen_img, colorful_img) 
VALUES('茜草', NULL, 'Rubia cordifolia L.', '茜草科', '常生林缘、灌丛或村边园篱等处', '中国东北、华北、西北和四川及西藏等地、朝鲜、日本和俄罗斯远东地区', 'https://baike.baidu.com/item/茜草', '茜草（学名：RubiacordifoliaL.）：茜草科，茜草属多年生草质攀援藤木，长通常可达3.5米；根状茎和其节上的须根均红色；茎多条，细长，方柱形，棱上生倒生皮刺，叶片轮生，纸质，披针形或长圆状披针形，顶端渐尖，心形，边缘有齿状皮刺，两面粗糙，叶柄长可达2.5厘米，聚伞花序腋生和顶生，，有花数十朵，花序和分枝均细瘦，花冠淡黄色，花冠裂片近卵形，果球形，橘黄色。8-9月开花，10-11月结果。分布于中国东北、华北、西北和四川及西藏等地。常生于疏林、林缘、灌丛或草地上。朝鲜、日本和俄罗斯远东地区亦有分布。茜草是一种历史悠久的植物染料，茜草性寒入血分，能凉血止血，且能化瘀。凡血热妄行之出血证均可选用。', (SELECT * FROM OPENROWSET(BULK 'C:\MyData\C#_Database\Homeworks\Final Project\RawData\pics\38_specimen.jpg', SINGLE_BLOB) AS img1), (SELECT * FROM OPENROWSET(BULK 'C:\MyData\C#_Database\Homeworks\Final Project\RawData\pics\38_item.jpg', SINGLE_BLOB) AS img2)); 
INSERT INTO Species(sname, nickname, sLatin, family, env, region, link, sdesp, specimen_img, colorful_img) 
VALUES('卷柏', '一把抓、老虎爪、长生草', 'Selaginella tamariscina（P. Beauv.）Spring', '卷柏科', '常见于石灰岩上，海拔500-1500米。', '全国大部分地区均有分布', 'https://baike.baidu.com/item/卷柏', '卷柏，中药名。为卷柏科植物卷柏Selaginellatamariscina(Beauv.)Spring或垫状卷柏Selaginellapulvinata(Hook.etGrev.)Maxim.的干燥全草。全年均可采收，除去须根和泥沙，晒干。分布于全国大部分地区。具有活血通经的功效。用于经闭痛经，症瘕痞块，跌扑损伤。卷柏炭有化瘀止血的功效。用于吐血，崩漏，便血，脱肛。', (SELECT * FROM OPENROWSET(BULK 'C:\MyData\C#_Database\Homeworks\Final Project\RawData\pics\39_specimen.jpg', SINGLE_BLOB) AS img1), (SELECT * FROM OPENROWSET(BULK 'C:\MyData\C#_Database\Homeworks\Final Project\RawData\pics\39_item.jpg', SINGLE_BLOB) AS img2)); 
INSERT INTO Species(sname, nickname, sLatin, family, env, region, link, sdesp, specimen_img, colorful_img) 
VALUES('翼梗五味子', NULL, 'Schisandra henryi Clarke', '木兰科', '生于沟谷边、山坡林下或灌丛中', '中国浙江、江西、福建、河南南部（信阳）、湖北、湖南、广东、广西、四川中部、贵州、云南东南部', 'https://baike.baidu.com/item/翼梗五味子', '翼梗五味子（学名：SchisandrahenryiC.B.Clarke）是木兰科五味子属植物。落叶木质藤本，当年生枝淡绿色，小枝紫褐色，具宽近1-2.5毫米的翅棱，被白粉；内芽鳞紫红色，长圆形或椭圆形。叶宽卵形、长圆状卵形，或近圆形。雄花：花柄长4-6厘米，花被片黄色，8-10片，近圆形。小浆果红色，球形，种子褐黄色。花期5-7月，果期8-9月。分布于中国浙江、江西、福建、河南南部（信阳）、湖北、湖南、广东、广西、四川中部、贵州、云南东南部。生长于海拔500-1500米的沟谷边、山坡林下或灌丛中。茎供药用，有通经活血、强筋壮骨之效。', (SELECT * FROM OPENROWSET(BULK 'C:\MyData\C#_Database\Homeworks\Final Project\RawData\pics\40_specimen.jpg', SINGLE_BLOB) AS img1), (SELECT * FROM OPENROWSET(BULK 'C:\MyData\C#_Database\Homeworks\Final Project\RawData\pics\40_item.jpg', SINGLE_BLOB) AS img2)); 
INSERT INTO Species(sname, nickname, sLatin, family, env, region, link, sdesp, specimen_img, colorful_img) 
VALUES('吉祥草', '松寿兰、小叶万年青竹根七、蛇尾七', 'Reineckea carnea (Andrews) Kunth', '百合科', '生于阴湿山坡、山谷或密林下，海拔170-3200米。', '原产墨西哥及中美洲。中国各地均有栽培', 'https://baike.baidu.com/item/吉祥草', '吉祥草，拉丁学名：（Reineckiacarnea(Andr.)Kunth）又名紫衣草，是百合科，吉祥草属多年生常绿草本植物。产江苏、浙江、安徽、江西、湖南、湖北、河南、陕西（秦岭以南）、四川、云南、贵州、广西和广东。生于阴湿山坡、山谷或密林下，海拔170-3200米。株形优美，叶色青翠，是非常好的家庭装饰花卉。吉祥草入药具有润肺止咳，祛风等作用，在印度吉祥草自古被看成是神圣的草，是宗教仪式中不可缺少之物。', (SELECT * FROM OPENROWSET(BULK 'C:\MyData\C#_Database\Homeworks\Final Project\RawData\pics\41_specimen.jpg', SINGLE_BLOB) AS img1), (SELECT * FROM OPENROWSET(BULK 'C:\MyData\C#_Database\Homeworks\Final Project\RawData\pics\41_item.jpg', SINGLE_BLOB) AS img2)); 
INSERT INTO Species(sname, nickname, sLatin, family, env, region, link, sdesp, specimen_img, colorful_img) 
VALUES('三叶木通', '八月瓜藤（广东）、三叶拿藤（浙江）、八月楂（江苏）', 'Akebiatrifoliata(Thunb.) Koidz.', '木通科', '生于海拔300-1500米的山地灌木丛，林缘和沟谷中。', '中国河北、山西、山东、河南、陕西南部、甘肃东南部至长江流域各省区、日本', 'https://baike.baidu.com/item/三叶木通', '三叶木通（学名：Akebiatrifoliata(Thunb.)Koidz.）是木通科，木通属落叶木质藤本植物。茎皮灰褐色，掌状复叶互生或在短枝上的簇生；叶柄直，叶片纸质或薄革质，卵形至阔卵形，先端通常钝或略凹入，基部截平或圆形，边缘具波状齿或浅裂，上面深绿色，下面浅绿色；总状花序自短枝上簇生叶中抽出，总花梗纤细，雄花：花梗丝状，萼片淡紫色，阔椭圆形或椭圆形，花丝极短，药室在开花时内弯；退化心皮长圆状锥形。雌花：花梗稍较雄花的粗，柱头头状，具乳凸，橙黄色。果长圆形，直或稍弯，种子极多数，扁卵形，种皮红褐色或黑褐色，稍有光泽。4-5月开花，7-8月结果。分布于中国河北、山西、山东、河南、陕西南部、甘肃东南部至长江流域各省区。日本有分布。生于海拔250-2000米的山地沟谷边疏林或丘陵灌丛中。该种根、茎和果均入药，利尿、通乳，有舒筋活络之效，治风湿关节痛；果也可食及酿酒；种子可榨油。', (SELECT * FROM OPENROWSET(BULK 'C:\MyData\C#_Database\Homeworks\Final Project\RawData\pics\42_specimen.jpg', SINGLE_BLOB) AS img1), (SELECT * FROM OPENROWSET(BULK 'C:\MyData\C#_Database\Homeworks\Final Project\RawData\pics\42_item.jpg', SINGLE_BLOB) AS img2)); 
INSERT INTO Species(sname, nickname, sLatin, family, env, region, link, sdesp, specimen_img, colorful_img) 
VALUES('九头狮子草', '接长草，土细辛（植物名实图考）', 'Peristrophejaponica (Thunb.) Bremek.', '爵床科', '生于山坡、林下、路旁、溪边等阴湿处。', '长江流域以南各地', 'https://baike.baidu.com/item/九头狮子草', '九头狮子草（学名：Peristrophejaponica(Thunb.)Bremek.）是爵床科，观音草属草本植物，高达50厘米。叶卵状矩圆形，聚伞花顶生或腋生于上部叶腋，花丝细长，花药被长硬毛，蒴果疏生短柔毛，开裂时胎座不弹起，种子有小疣状突起。分布于长江流域以南各地。生于山坡、林下、路旁、溪边等阴湿处。性味辛、微苦，凉。有发汁解表，清热解毒，镇痉之功能。用于感冒，咽喉肿痛，白喉，小儿消化不良，小儿高热，痈疖肿毒，毒蛇咬伤。2011年8月，植物学界专家、西北农林科技大学副教授吴振海在商南县金丝峡景区意外发现了九头狮子草。据了解，这是国内外专家首次在秦岭地区发现此种植物。', (SELECT * FROM OPENROWSET(BULK 'C:\MyData\C#_Database\Homeworks\Final Project\RawData\pics\43_specimen.jpg', SINGLE_BLOB) AS img1), (SELECT * FROM OPENROWSET(BULK 'C:\MyData\C#_Database\Homeworks\Final Project\RawData\pics\43_item.jpg', SINGLE_BLOB) AS img2)); 
INSERT INTO Species(sname, nickname, sLatin, family, env, region, link, sdesp, specimen_img, colorful_img) 
VALUES('枫香', NULL, 'Liquidambar formosana Hance', '金缕梅科', '山中林间路旁 ', '中国秦岭及淮河以南各省、越南北部、老挝及朝鲜南部', 'https://baike.baidu.com/item/枫香', '枫香树（学名：LiquidambarformosanaHance）是金缕梅科、枫香树属植物。落叶乔木，高达30米，胸径最大可达1米，树皮灰褐色，方块状剥落；小枝干后灰色，被柔毛，略有皮孔；芽体卵形，长约1厘米，略被微毛。叶薄革质，阔卵形，掌状3裂，中央裂片较长，先端尾状渐尖。雄性短穗状花序常多个排成总状，雄蕊多数，花丝不等长，花药比花丝略短。头状果序圆球形，木质，直径3-4厘米；蒴果下半部藏于花序轴内，有宿存花柱及针刺状萼齿。种子多数，褐色，多角形或有窄翅。分布于中国秦岭及淮河以南各省，北起河南、山东，东至台湾，西至四川、云南及西藏，南至广东；亦见于越南北部、老挝及朝鲜南部。性喜阳光，多生于平地，村落附近，及低山的次生林。在海南岛常组成次生林的优势种。树脂供药用，能解毒止痛，止血生肌；根、叶及果实亦入药，有祛风除湿，通络活血功效。木材稍坚硬，可制家具及贵重商品的装箱。枫香树在环保方面也有很大的意义，它可以改善生长地的土地质量，保证水土不会过度流失，净化当地的空气质量，保障生态环境的稳定。而且枫香树具有很强的观赏性，在城市规划中也可以起到美化环境的作用。', (SELECT * FROM OPENROWSET(BULK 'C:\MyData\C#_Database\Homeworks\Final Project\RawData\pics\44_specimen.jpg', SINGLE_BLOB) AS img1), (SELECT * FROM OPENROWSET(BULK 'C:\MyData\C#_Database\Homeworks\Final Project\RawData\pics\44_item.jpg', SINGLE_BLOB) AS img2)); 
INSERT INTO Species(sname, nickname, sLatin, family, env, region, link, sdesp, specimen_img, colorful_img) 
VALUES('东南景天', NULL, 'Sedum alfredii Hance', '景天科', '生于海拔1400米以下山坡林下阴湿石上。 ', '中国、朝鲜、日本', 'https://baike.baidu.com/item/东南景天', '东南景天（学名：SedumalfrediiHance）是景天科、景天属植物。多年生草本。茎斜上，单生或上部有分枝，高10-20厘米。叶互生，下部叶常脱落，上部叶常聚生，线状楔形、匙形至匙状倒卵形。聚伞花序宽5-8厘米，有多花；苞片似叶而小；花无梗，直径1厘米；萼片5，线状匙形；雄蕊10，对瓣的长2.5毫米，在基部上1-1.5毫米处着生，花柱长1毫米在内。蓇葖斜叉开；种子多数，长0.6毫米，褐色。花期4-5月，果期6-8月。分布于中国、朝鲜、日本；在中国分布于广西、广东、台湾、福建、贵州、四川、湖北、湖南、江西、安徽、浙江至江苏宜兴。生于海拔1400米以下（在四川可到2000-3000米）山坡林下阴湿石上。东南景天不仅对土壤过量的锌、镉、铅具有强忍耐能力和超积累特性，并具有多年生、无性繁殖、生物量较大及适于刈割的特点。同时，它适应性强，耐瘠薄、干旱及强光等恶劣生境，观赏性强，是实施植物修复与生态绿化的优良植物。', (SELECT * FROM OPENROWSET(BULK 'C:\MyData\C#_Database\Homeworks\Final Project\RawData\pics\45_specimen.jpg', SINGLE_BLOB) AS img1), (SELECT * FROM OPENROWSET(BULK 'C:\MyData\C#_Database\Homeworks\Final Project\RawData\pics\45_item.jpg', SINGLE_BLOB) AS img2)); 
INSERT INTO Species(sname, nickname, sLatin, family, env, region, link, sdesp, specimen_img, colorful_img) 
VALUES('海桐', '海桐花、山矾、七里香、宝珠香、山瑞香', 'Pittosporum tobira', '海桐花科', '山中林间路旁 ', '中国江苏南部、浙江、福建、台湾、广东等地；朝鲜、日本', 'https://baike.baidu.com/item/海桐', '海桐（学名：Pittosporumtobira），是双子叶植物纲、海桐花科、海桐花属常绿灌木或小乔木，高达6米，嫩枝被褐色柔毛，有皮孔。叶聚生于枝顶，二年生，革质；伞形花序或伞房状伞形花序顶生或近顶生，花白色，有芳香，后变黄色；蒴果圆球形，有棱或呈三角形，直径12毫米；花期3至5月，果熟期9至10月。产于中国江苏南部、浙江、福建、台湾、广东等地；朝鲜、日本亦有分布。长江流域、淮河流域广泛分布，园林用的海桐产地分布在江苏苏州张家港等。', (SELECT * FROM OPENROWSET(BULK 'C:\MyData\C#_Database\Homeworks\Final Project\RawData\pics\46_specimen.jpg', SINGLE_BLOB) AS img1), (SELECT * FROM OPENROWSET(BULK 'C:\MyData\C#_Database\Homeworks\Final Project\RawData\pics\46_item.jpg', SINGLE_BLOB) AS img2)); 
INSERT INTO Species(sname, nickname, sLatin, family, env, region, link, sdesp, specimen_img, colorful_img) 
VALUES('紫茉莉', '胭脂花、粉豆花、夜饭花、状元花、丁香叶、苦丁香、野丁香', 'Mirabilis jalapa L.', '紫茉莉科', '山中林间路旁 ', '原产热带美洲，中国南北各地常栽培', 'https://baike.baidu.com/item/紫茉莉', '紫茉莉（学名：MirabilisjalapaL.）：草本，高可达1米。根肥粗，倒圆锥形，黑色或黑褐色。茎直立，圆柱形，多分枝，无毛或疏生细柔毛，节稍膨大。叶片卵形或卵状三角形，全缘，两面均无毛，脉隆起。花常数朵簇生枝端，总苞钟形，长约1厘米，5裂，裂片三角状卵形；花被紫红色、黄色、白色或杂色，高脚碟状，筒部长2-6厘米，檐部直径2.5-3厘米，5浅裂；花午后开放，有香气，次日午前凋萎。瘦果球形，直径5-8毫米，革质，黑色，表面具皱纹；种子胚乳白粉质。花期6-10月，果期8-11月。原产热带美洲。中国南北各地常栽培，为观赏花卉，有时逸为野生。根、叶可供药用，有清热解毒、活血调经和滋补的功效。种子白粉可去面部癍痣粉刺。', (SELECT * FROM OPENROWSET(BULK 'C:\MyData\C#_Database\Homeworks\Final Project\RawData\pics\47_specimen.jpg', SINGLE_BLOB) AS img1), (SELECT * FROM OPENROWSET(BULK 'C:\MyData\C#_Database\Homeworks\Final Project\RawData\pics\47_item.jpg', SINGLE_BLOB) AS img2)); 
INSERT INTO Species(sname, nickname, sLatin, family, env, region, link, sdesp, specimen_img, colorful_img) 
VALUES('绿爬山虎', '绿叶地锦，绿叶爬山虎，青叶爬山虎', 'Parthenocissus laetevirens Rehd.', '葡萄科', '生山谷林中或山坡灌丛，攀援树上或崖石壁上，海拔140-1100米 ', '河南、安徽、江西、江苏、浙江、湖北、湖南、福建、广东、广西', 'https://baike.baidu.com/item/绿爬山虎', '绿爬山虎，学名ParthenocissuslaetevirensRehd.，葡萄科地锦属植物。为我国特有植物，产河南、安徽、江西、江苏、浙江、湖北、湖南、福建、广东、广西。生山谷林中或山坡灌丛，攀援树上或崖石壁上，海拔140-1100米。', (SELECT * FROM OPENROWSET(BULK 'C:\MyData\C#_Database\Homeworks\Final Project\RawData\pics\48_specimen.jpg', SINGLE_BLOB) AS img1), (SELECT * FROM OPENROWSET(BULK 'C:\MyData\C#_Database\Homeworks\Final Project\RawData\pics\48_item.jpg', SINGLE_BLOB) AS img2)); 
INSERT INTO Species(sname, nickname, sLatin, family, env, region, link, sdesp, specimen_img, colorful_img) 
VALUES('吴茱萸', '茶辣、辣子、臭辣子', 'Tetradium ruticarpum (A. Jussieu) T. G. Hartley', '芸香科', '生长于平地至海拔1500米山地疏林或灌木丛中，多见于向阳坡地。', '贵州、湖南、四川、云南、陕西等地', 'https://baike.baidu.com/item/吴茱萸', '吴茱萸，中药名。为芸香科植物吴茱萸Euodiarutaecarpa(Juss.)Benth.、石虎Euodiarutaecarpa(Juss.)Benth.var.officinalis(Dode)Huang或疏毛吴茱萸Euodiarutaecarpa(Juss.)Benth.var.bodinieri(Dode)Huang的干燥近成熟果实。8～11月果实尚未开裂时，剪下果枝，晒干或低温干燥，除去枝、叶、果梗等杂质。', (SELECT * FROM OPENROWSET(BULK 'C:\MyData\C#_Database\Homeworks\Final Project\RawData\pics\49_specimen.jpg', SINGLE_BLOB) AS img1), (SELECT * FROM OPENROWSET(BULK 'C:\MyData\C#_Database\Homeworks\Final Project\RawData\pics\49_item.jpg', SINGLE_BLOB) AS img2)); 
INSERT INTO Species(sname, nickname, sLatin, family, env, region, link, sdesp, specimen_img, colorful_img) 
VALUES('白背叶', '白鹤草、叶下白、白背木、白背娘、白朴树、白帽顶', 'Mallotus apelta', '大戟科', '山坡或山谷灌丛', '云南、广西、湖南、江西、福建、广东、海南等地', 'https://baike.baidu.com/item/白背叶', '白背叶，中药名。为大戟科野桐属植物白背叶Mallotusapelta（Lour.）Muell.-Arg.的根或叶。分布于云南、广西、湖南、江西、福建、广东、海南等地。根具有柔肝活血，健脾化湿，收敛固脱之功效，常用于慢性肝炎，肝脾肿大，子宫脱垂，脱肛，白带，妊娠水肿。叶具有消炎止血之功效，常用于中耳炎，疖肿，跌打损伤，外伤出血。', (SELECT * FROM OPENROWSET(BULK 'C:\MyData\C#_Database\Homeworks\Final Project\RawData\pics\50_specimen.jpg', SINGLE_BLOB) AS img1), (SELECT * FROM OPENROWSET(BULK 'C:\MyData\C#_Database\Homeworks\Final Project\RawData\pics\50_item.jpg', SINGLE_BLOB) AS img2)); 
INSERT INTO Species(sname, nickname, sLatin, family, env, region, link, sdesp, specimen_img, colorful_img) 
VALUES('白栎', NULL, 'Quercus fabri Hance', '壳斗科', '丘陵或山地杂木林', '陕西、江苏、安徽、浙江、江西、福建、河南、湖北、湖南、广东、广西、四川、贵州、云南等省区', 'https://baike.baidu.com/item/白栎', '白栎（学名：QuercusfabriHance）是壳斗科，栎属落叶乔木或灌木状，高可达20米，树皮灰褐色，冬芽卵状圆锥形，芽鳞多数，叶片倒卵形、椭圆状倒卵形，叶缘具波状锯齿或粗钝锯齿，叶柄被棕黄色绒毛。花序轴被绒毛，壳斗杯形，包着坚果；小苞片卵状披针形，排列紧密，在坚果长椭圆形或卵状长椭圆形，果脐突起。4月开花，10月结果。分布于中国陕西、江苏、安徽、浙江、江西、福建、河南、湖北、湖南、广东、广西、四川、贵州、云南等省区。生长在海拔50-1900米的丘陵、山地杂木林中。白栎木质坚硬，树枝可培植香菇，果实可食用，果实的虫瘿可入药，有着较高的利用价值。', (SELECT * FROM OPENROWSET(BULK 'C:\MyData\C#_Database\Homeworks\Final Project\RawData\pics\51_specimen.jpg', SINGLE_BLOB) AS img1), (SELECT * FROM OPENROWSET(BULK 'C:\MyData\C#_Database\Homeworks\Final Project\RawData\pics\51_item.jpg', SINGLE_BLOB) AS img2)); 
INSERT INTO Species(sname, nickname, sLatin, family, env, region, link, sdesp, specimen_img, colorful_img) 
VALUES('魔芋', '蒟蒻、磨芋、蒻头、鬼芋、花梗莲、虎掌', 'Amorphophallus rivieri Durieu', '天南星科', '疏林下林椽或溪谷旁湿润地', '陕西、甘肃、宁夏至江南各省区', 'https://baike.baidu.com/item/魔芋', '魔芋是天南星科（Araceae）魔芋属（AmorphophallusBlume）的总称，栽培学上属于薯芋类作物。魔芋喜温暖湿润，适温为20～30℃，25℃为最适温度，适宜相对湿度为80%～90%，即魔芋喜适温期长而不适酷暑、干燥的地方。早在3000年前我国就已经开始栽培和利用魔芋，在我国南方各省丘陵地区、秦岭大巴山地区、四川盆地、云贵高原、滇南和台湾等地有着丰富的魔芋资源。早在《本草图经》、《本草纲目》等古书中就有记载，魔芋性寒、味平，入药可消肿去毒，主治痈疮、肿毒、瘰疬等症。魔芋含有丰富的碳水化合物，热量低，蛋白质含量高于马铃薯和甘薯，微量元素丰富，还含有维生素A、维生素B等，特别是葡甘聚糖含量丰富，具有减肥、降血压、降血糖、排毒通便、防癌补钙等功效。利用价值较高的魔芋有花魔芋、白魔芋、田阳魔芋、西盟魔芋、攸乐魔芋和勐海魔芋六个种。中国和日本大面积种植魔芋。', (SELECT * FROM OPENROWSET(BULK 'C:\MyData\C#_Database\Homeworks\Final Project\RawData\pics\52_specimen.jpg', SINGLE_BLOB) AS img1), (SELECT * FROM OPENROWSET(BULK 'C:\MyData\C#_Database\Homeworks\Final Project\RawData\pics\52_item.jpg', SINGLE_BLOB) AS img2)); 
INSERT INTO Species(sname, nickname, sLatin, family, env, region, link, sdesp, specimen_img, colorful_img) 
VALUES('何首乌', '多花蓼、紫乌藤、九真藤等', 'Fallopia multiflora (Thunb.) Harald', '蓼科', '山谷灌丛、山坡林下、沟边石隙', '陕西南部、甘肃南部、华东等', 'https://baike.baidu.com/item/何首乌', '何首乌（学名：Fallopiamultiflora(Thunb.)Harald.），又名多花蓼、紫乌藤、夜交藤等。是蓼科蓼族何首乌属多年生缠绕藤本植物，块根肥厚，长椭圆形，黑褐色。生山谷灌丛、山坡林下、沟边石隙。产陕西南部、甘肃南部、华东、华中、华南、四川、云南及贵州。其块根入药，可安神、养血、活络，解毒（截疟）、消痈；制首乌可补益精血、乌须发、强筋骨、补肝肾，是常见贵细中药材。', (SELECT * FROM OPENROWSET(BULK 'C:\MyData\C#_Database\Homeworks\Final Project\RawData\pics\53_specimen.jpg', SINGLE_BLOB) AS img1), (SELECT * FROM OPENROWSET(BULK 'C:\MyData\C#_Database\Homeworks\Final Project\RawData\pics\53_item.jpg', SINGLE_BLOB) AS img2)); 
INSERT INTO Species(sname, nickname, sLatin, family, env, region, link, sdesp, specimen_img, colorful_img) 
VALUES('柘', '柘木、棉柘、灰桑、黄桑、柘树', 'Maclura tricuspidata Carrière', '桑科', '阳光充足的山地或林缘', '中国、朝鲜', 'https://baike.baidu.com/item/柘', '柘（学名：MacluratricuspidataCarrière）是桑科、柘属植物。落叶灌木或小乔木，高可达7米；树皮灰褐色，小枝无毛，略具棱，有棘刺，冬芽赤褐色。叶片卵形或菱状卵形，偶为三裂，先端渐尖，基部楔形至圆形，表面深绿色，背面绿白色，无毛或被柔毛，叶柄被微柔毛。雌雄异株，雌雄花序均为球形头状花序，单生或成对腋生，具短总花梗；雄花有苞片，附着于花被片上，花被片肉质，先端肥厚，内卷，雄蕊与花被片对生，花丝在花芽时直立，聚花果近球形，肉质，成熟时桔红色。5-6月开花，6-7月结果。分布于中国、朝鲜；在中国分布于华北、华东、中南、西南各省区（北达陕西、河北）。日本有栽培。生于海拔500-1500（-2200）米，阳光充足的山地或林缘。柘的茎皮纤维可以造纸；根皮药用；嫩叶可以养幼蚕；果可生食或酿酒；木材心部黄色，质坚硬细致，可以作家俱用或作黄色染料；也为良好的绿篱树种。', (SELECT * FROM OPENROWSET(BULK 'C:\MyData\C#_Database\Homeworks\Final Project\RawData\pics\54_specimen.jpg', SINGLE_BLOB) AS img1), (SELECT * FROM OPENROWSET(BULK 'C:\MyData\C#_Database\Homeworks\Final Project\RawData\pics\54_item.jpg', SINGLE_BLOB) AS img2)); 
INSERT INTO Species(sname, nickname, sLatin, family, env, region, link, sdesp, specimen_img, colorful_img) 
VALUES('绞股蓝', NULL, 'Gynostemma pentaphyllum (Thunb.) Makino', '葫芦科', '山地林下水沟旁、山谷阴湿处', '中国四川、云南、湖北、湖南等省及印度，尼泊尔，锡金等地', 'https://baike.baidu.com/item/绞股蓝', '绞股蓝（学名：Gynostemmapentaphyllum(Thunb.)Makino）葫芦科、绞股蓝属草质攀援植物。茎细弱，具分枝，具纵棱及槽，无毛或疏被短柔毛。叶膜质或纸质，鸟足状，具3-9小叶，通常5-7小叶；小叶片卵状长圆形或披针形，中央小叶长3-12厘米，宽1.5-4厘米，侧生小较小，先端急尖或短渐尖。花雌雄异株。雄花圆锥花序，花序轴纤细，多分枝，长10-15（-30）厘米，分枝广展，长3-4（-15）厘米，有时基部具小叶，被短柔毛；花梗丝状，长1-4毫米。果实肉质不裂，球形，径5-6毫米，成熟后黑色，光滑无毛，内含倒垂种子2粒。种子卵状心形，径约4毫米，灰褐色或深褐色，顶端钝，基部心形，压扁，两面具乳突状凸起。花期3-11月，果期4-12月。分布于中国、印度、尼泊尔、孟加拉、斯里兰卡、缅甸、老挝、越南、马来西亚、印度尼西亚（爪哇）、新几内亚、北达朝鲜和日本。 
绞股蓝性寒、味苦，具有清热解毒、止咳清肺祛痰、养心安神、补气生精之功效，可用于降血压、降血脂、护肝、促进睡眠以及肠胃炎、气管炎、咽喉炎的治疗，并用于多种癌症的抗癌临床治疗。绞股蓝还被中国各地的茶叶加工企业成功地制成绞股蓝茶在市场销售，并获得相当的市场份额和较可观的经济效益。', (SELECT * FROM OPENROWSET(BULK 'C:\MyData\C#_Database\Homeworks\Final Project\RawData\pics\55_specimen.jpg', SINGLE_BLOB) AS img1), (SELECT * FROM OPENROWSET(BULK 'C:\MyData\C#_Database\Homeworks\Final Project\RawData\pics\55_item.jpg', SINGLE_BLOB) AS img2)); 
INSERT INTO Species(sname, nickname, sLatin, family, env, region, link, sdesp, specimen_img, colorful_img) 
VALUES('樟树', '清江、药都', 'Cinnamomum camphora', '樟科', '丘陵盆谷山地', '越南、日本、朝鲜和中国', 'https://baike.baidu.com/item/樟树', '樟（学名：Cinnamomumcamphora(L.)presl）是樟科、樟属常绿大乔木，树冠广卵形；枝、叶及木材均有樟脑气味；树皮黄褐色，有不规则的纵裂。顶芽广卵形或圆球形，鳞片宽卵形或近圆形，外面略被绢状毛。枝条圆柱形，淡褐色，无毛。叶互生，卵状椭圆形，圆锥花序腋生，具梗，与各级序轴均无毛或被灰白至黄褐色微柔毛，被毛时往往在节上尤为明显。花绿白或带黄色，果卵球形或近球形，直径6-8毫米，紫黑色。樟分布于越南、日本、朝鲜和中国。其它各国有栽培。在中国分布于南方和西南各省区。樟常生于山坡或沟谷中。木材及根、枝、叶可提取樟脑和樟油，樟脑和樟油供医药及香料工业用。果核含脂肪，含油量约40%，油供工业用。根、果、枝和叶入药，有祛风散寒、强心镇痉和杀虫等功能。木材又为造船、橱箱和建筑等用材。是优良的观赏树木。', (SELECT * FROM OPENROWSET(BULK 'C:\MyData\C#_Database\Homeworks\Final Project\RawData\pics\56_specimen.jpg', SINGLE_BLOB) AS img1), (SELECT * FROM OPENROWSET(BULK 'C:\MyData\C#_Database\Homeworks\Final Project\RawData\pics\56_item.jpg', SINGLE_BLOB) AS img2)); 
INSERT INTO Species(sname, nickname, sLatin, family, env, region, link, sdesp, specimen_img, colorful_img) 
VALUES('风轮菜', NULL, 'Clinopodium chinense (Benth.) O. Ktze.', '唇形科', '生于山坡，草丛，路边，沟边，灌丛，林下，海拔1000米以下', '华北及湖北、湖南、广东、广西、云南等地', 'https://baike.baidu.com/item/风轮菜', '风轮菜为唇形科、风轮菜属多年生草本，高可达1m。茎基部匍匐生根，上部上升，多分枝，四棱形，密被短柔毛风轮菜及腺毛，叶对生；密被疏柔毛；叶片卵圆形，先端尖或钝，基部楔形，边缘具锯齿，上面密被短硬毛，下面被疏柔毛。', (SELECT * FROM OPENROWSET(BULK 'C:\MyData\C#_Database\Homeworks\Final Project\RawData\pics\57_specimen.jpg', SINGLE_BLOB) AS img1), (SELECT * FROM OPENROWSET(BULK 'C:\MyData\C#_Database\Homeworks\Final Project\RawData\pics\57_item.jpg', SINGLE_BLOB) AS img2)); 
INSERT INTO Species(sname, nickname, sLatin, family, env, region, link, sdesp, specimen_img, colorful_img) 
VALUES('糯米团', NULL, 'Gonostegia hirta (Bl.) Miq.', '荨麻科', '生于丘陵或低山林中，灌丛中，沟边草地，海拔100-1000米', '中国长江以南地区', 'https://baike.baidu.com/item/糯米团', '糯米团（学名：Gonostegiahirta(Bl.)Miq.），别称：糯米草、糯米藤、糯米条、红石藤、生扯拢、蔓苎麻、乌蛇草、小粘药等，是荨麻科糯米团属植物，多年生草本，有时茎基部变木质；茎蔓生、铺地或渐升，长50-100（-160）厘米，基部粗1-2.5毫米，不分枝或分枝，上部带四棱形，有短柔毛。花期5-9月。生长于溪谷林下阴湿处，山麓水沟边。分布于中国长江以南地区。', (SELECT * FROM OPENROWSET(BULK 'C:\MyData\C#_Database\Homeworks\Final Project\RawData\pics\58_specimen.jpg', SINGLE_BLOB) AS img1), (SELECT * FROM OPENROWSET(BULK 'C:\MyData\C#_Database\Homeworks\Final Project\RawData\pics\58_item.jpg', SINGLE_BLOB) AS img2)); 
INSERT INTO Species(sname, nickname, sLatin, family, env, region, link, sdesp, specimen_img, colorful_img) 
VALUES('桑', '桑树', 'Morus alba L.', '桑科', '喜温暖湿润气候，耐寒。耐干旱，耐水湿能力极强', '中国、朝鲜、日本、蒙古、中亚各国、俄罗斯、欧洲等地以及印度、越南', 'https://baike.baidu.com/item/桑', '桑（拉丁名：MorusalbaL.）是桑科，桑属落叶乔木或灌木，高可达15米。树体富含乳浆，树皮黄褐色。叶卵形至广卵形，叶端尖，叶基圆形或浅心脏形，边缘有粗锯齿，有时有不规则的分裂。叶面无毛，有光泽，叶背脉上有疏毛。雌雄异株，5月开花，葇荑花序。果熟期6-7月，聚花果卵圆形或圆柱形，黑紫色或白色。喜光，幼时稍耐阴。喜温暖湿润气候，耐寒。耐干旱，耐水湿能力强。原产中国中部和北部。中国东北至西南各省区，西北直至新疆均有栽培。朝鲜、日本、蒙古、中亚各国、俄罗斯、欧洲等地以及印度、越南亦均有栽培。叶为桑蚕饲料。木材可制器具，枝条可编箩筐，桑皮可作造纸原料，桑椹可供食用、酿酒，叶、果和根皮可入药。', (SELECT * FROM OPENROWSET(BULK 'C:\MyData\C#_Database\Homeworks\Final Project\RawData\pics\59_specimen.jpg', SINGLE_BLOB) AS img1), (SELECT * FROM OPENROWSET(BULK 'C:\MyData\C#_Database\Homeworks\Final Project\RawData\pics\59_item.jpg', SINGLE_BLOB) AS img2)); 
INSERT INTO Species(sname, nickname, sLatin, family, env, region, link, sdesp, specimen_img, colorful_img) 
VALUES('糙叶树', '白鸡油、白鸡油树、牛筋树、粗叶树', 'Aphananthe aspera (Thunb.) Planch.', '榆科', '植于河边溪畔土壤湿润之地', '中国南部、日本、朝鲜、越南', 'https://baike.baidu.com/item/%E7%B3%99%E5%8F%B6%E6%A0%91/2681582', '糙叶树（学名：Aphanantheaspera(Thunb.)Planch.）是榆科糙叶树属落叶乔木。叶卵形，春季开淡绿色小花，花单性，雌雄同株；雄花成伞房花序，核果近球形或卵球形，紫黑色。 
中国分布山西、山东、江苏、安徽、浙江、江西、福建、台湾、湖南、湖北、广东、广西、四川东南部、贵州和云南东南部。在华东和华北地区生于海拔150-600米，在西南和中南地区生于海拔500-1000米的山谷、溪边林中。生长较迅速，华东地区有栽培。朝鲜、日本和越南也有分布。 
树冠广展，苍劲挺拔，枝叶茂密，浓荫盖地，是良好的四旁绿化树种，宜植于河边溪畔土壤湿润之地。茎皮可制纤维；叶做土农药，治棉蚜虫；木材坚实耐用，可制农具。', (SELECT * FROM OPENROWSET(BULK 'C:\MyData\C#_Database\Homeworks\Final Project\RawData\pics\60_specimen.jpg', SINGLE_BLOB) AS img1), (SELECT * FROM OPENROWSET(BULK 'C:\MyData\C#_Database\Homeworks\Final Project\RawData\pics\60_item.jpg', SINGLE_BLOB) AS img2)); 
INSERT INTO Species(sname, nickname, sLatin, family, env, region, link, sdesp, specimen_img, colorful_img) 
VALUES('忍冬', NULL, 'Lonicera japonica Thunb.', '忍冬科', '山坡、梯田、地堰、堤坝、瘠薄的丘陵', '中国大部分地区', 'https://baike.baidu.com/item/忍冬', '忍冬（学名：LonicerajaponicaThunb.）（名医别录），别称：金银花（本草纲目），金银藤（江西铅山、云南楚雄），银藤（浙江临海、江苏），二色花藤（上海），二宝藤、右转藤（四川），子风藤（浙江丽水），蜜桷藤（江西铅山），鸳鸯藤（福建），老翁须（常用中草药图谱）。忍冬忍冬科，忍冬属多年生半常绿缠绕灌木。带叶的茎枝名忍冬藤，供药用。亦作观赏植物。中国大部分地区多有分布，不少地区已栽培生产，其中以河南、山东所产最为闻名。日本和朝鲜亦有出产。忍冬是一种具有悠久历史的常用中药，始载于《名医别录》，列为上品。“金银花”一名始见于李时珍《本草纲目》，文献沿用已久，已收入中国药典。此外，尚有“银花”、“双花”、“二花”、“二宝花”、“双宝花”等药材名称。', (SELECT * FROM OPENROWSET(BULK 'C:\MyData\C#_Database\Homeworks\Final Project\RawData\pics\61_specimen.jpg', SINGLE_BLOB) AS img1), (SELECT * FROM OPENROWSET(BULK 'C:\MyData\C#_Database\Homeworks\Final Project\RawData\pics\61_item.jpg', SINGLE_BLOB) AS img2)); 
INSERT INTO Species(sname, nickname, sLatin, family, env, region, link, sdesp, specimen_img, colorful_img) 
VALUES('女萎', NULL, 'Clematis apiifolia DC.', '毛茛科', '山中林间路旁', '江西、福建、浙江（海拔170-1000米）、江苏南部', 'https://baike.baidu.com/item/%E5%A5%B3%E8%90%8E/4953355', '女萎（学名：ClematisapiifoliaDC.），是毛茛目、毛茛科、铁线莲属多年生草质藤本植物。小枝和花序梗、花梗密生贴伏短柔毛。小叶片卵形或宽卵形，边缘有锯齿，上面疏毛，下面疏生短柔毛。圆锥状聚伞花序多花；花萼片开展，白色，狭倒卵形，雄蕊无毛，花丝比花药长。瘦果纺锤形或狭卵形，7月至9月开花，9月至10月结果。 
分布于中国江西、福建、浙江、江苏南部、安徽大别山以南。朝鲜、日本也有分布。生山野林边。 
该种根、茎藤或全株入药，能消炎消肿、利尿通乳，主治肠炎、痢疾、甲状腺肿大、风湿关节痛、尿路感染，乳汁不下。该种不仅有良好的药用价值，还有很高的观赏价值。', (SELECT * FROM OPENROWSET(BULK 'C:\MyData\C#_Database\Homeworks\Final Project\RawData\pics\62_specimen.jpg', SINGLE_BLOB) AS img1), (SELECT * FROM OPENROWSET(BULK 'C:\MyData\C#_Database\Homeworks\Final Project\RawData\pics\62_item.jpg', SINGLE_BLOB) AS img2)); 
INSERT INTO Species(sname, nickname, sLatin, family, env, region, link, sdesp, specimen_img, colorful_img) 
VALUES('飞燕草', '大花飞燕草、鸽子花、百部草、鸡爪连、干鸟草、萝小花、千鸟花', 'Consolida ajacis (L.) Schur', '毛茛科', '生长于山坡、草地、固定沙丘。', '欧洲南部，中国有栽培', 'https://baike.baidu.com/item/飞燕草', '飞燕草，拉丁学名：Consolidaajacis(L.)Schur，为双子叶植物纲、毛茛目、毛茛科、飞燕草属的多年生草本植物。因其花形别致，酷似一只只燕子故名之。花径4厘米左右，形态优雅，惹人喜爱；高35～65厘米，茎具疏分枝，叶掌状全裂。总状花序具3-15花，花瓣状，蓝色或紫蓝色，长1.5-1.8厘米。飞燕草为直根性植物，须根少，宜直播，移植带土团。较耐寒、喜阳光、怕暑热、忌积涝，宜在深厚肥沃的砂质土壤上生长。原产于欧洲南部，中国各省均有栽培。', (SELECT * FROM OPENROWSET(BULK 'C:\MyData\C#_Database\Homeworks\Final Project\RawData\pics\63_specimen.jpg', SINGLE_BLOB) AS img1), (SELECT * FROM OPENROWSET(BULK 'C:\MyData\C#_Database\Homeworks\Final Project\RawData\pics\63_item.jpg', SINGLE_BLOB) AS img2)); 
INSERT INTO Species(sname, nickname, sLatin, family, env, region, link, sdesp, specimen_img, colorful_img) 
VALUES('苍耳', '卷耳、葹、苓耳、地葵、枲耳、葈耳、白胡荽、常枲、爵耳', 'XanthiumsibiricumPatrin ex Widder', '菊科', '在土质松软深厚、水源充足及肥沃的地块上', '中国、俄罗斯、伊朗、印度、朝鲜和日本', 'https://baike.baidu.com/item/苍耳', '苍耳（学名：XanthiumsibiricumPatrinexWidder）是菊科，苍耳属一年生草本植物，高可达90厘米。根纺锤状，茎下部圆柱形，上部有纵沟，叶片三角状卵形或心形，近全缘，边缘有不规则的粗锯齿，上面绿色，下面苍白色，被糙伏毛。雄性的头状花序球形，总苞片长圆状披针形，花托柱状，托片倒披针形，花冠钟形，花药长圆状线形；雌性的头状花序椭圆形，外层总苞片小，披针形，喙坚硬，锥形，瘦果倒卵形。7-8月开花，9-10月结果。广泛分布于中国东北、华北、华东、华中、华南、西北及西南各省区。俄罗斯、伊朗、印度、朝鲜和日本也有分布。常生长于平原、丘陵、低山、荒野路边、田边。此植物的总苞具钩状的硬刺，常贴附于家畜和人体上，故易于散布。为一种常见的田间杂草。种子可榨油，苍耳子油与桐油的性质相仿，可掺和桐油制油漆，也可作油墨、肥皂、油毡的原料，又可制硬化油及润滑油，果实供药用。', (SELECT * FROM OPENROWSET(BULK 'C:\MyData\C#_Database\Homeworks\Final Project\RawData\pics\64_specimen.jpg', SINGLE_BLOB) AS img1), (SELECT * FROM OPENROWSET(BULK 'C:\MyData\C#_Database\Homeworks\Final Project\RawData\pics\64_item.jpg', SINGLE_BLOB) AS img2)); 
INSERT INTO Species(sname, nickname, sLatin, family, env, region, link, sdesp, specimen_img, colorful_img) 
VALUES('接骨草', '蒴藋、陆英', 'Sambucus javanica Blume', '五福花科', '山中林间路旁', '中国陕西、甘肃、江苏、安徽、浙江、江西等省及日本', 'https://baike.baidu.com/item/接骨草', '接骨草（学名：SambucusjavanicaBlume）是五福花科，接骨木属植物。高大草本或半灌木，高可达2米；茎有棱条，羽状复叶的托叶叶状或有时退化成蓝色的腺体；小叶片互生或对生，狭卵形，先端长渐尖，基部钝圆，两侧不等，边缘具细锯齿，无托叶，复伞形花序顶生，大而疏散，总花梗基部托以叶状总苞片，纤细，可孕性花小；萼筒杯状，萼齿三角形；花冠白色，花药黄色或紫色；果实红色，近圆形，表面有小疣状突起。4-5月开花，8-9月结果。分布于中国陕西、甘肃、江苏、安徽、浙江、江西、福建、台湾、河南、湖北、湖南、广东、广西、四川、贵州、云南、西藏等省区。日本也有分布。生于海拔300-2600米的山坡、林下、沟边和草丛中，亦有栽种。该种为药用植物，可治跌打损伤，有去风湿、通经活血、解毒消炎之功效。', (SELECT * FROM OPENROWSET(BULK 'C:\MyData\C#_Database\Homeworks\Final Project\RawData\pics\65_specimen.jpg', SINGLE_BLOB) AS img1), (SELECT * FROM OPENROWSET(BULK 'C:\MyData\C#_Database\Homeworks\Final Project\RawData\pics\65_item.jpg', SINGLE_BLOB) AS img2)); 
INSERT INTO Species(sname, nickname, sLatin, family, env, region, link, sdesp, specimen_img, colorful_img) 
VALUES('半蒴苣苔', NULL, 'Hemiboea henryi Clarke', '苦苣苔科', '生于海拔350-2100米的山谷林下或沟边阴湿处。', '中国陕西南部、甘肃南部、江苏南部、安徽南部、浙江、江西、福建、河南、湖北、湖南、广东北部、广西、四川、贵州', 'https://baike.baidu.com/item/%E5%8D%8A%E8%92%B4%E8%8B%A3%E8%8B%94/3630985', '半蒴苣苔：苦苣苔科半蒴苣苔属植物半蒴苣苔：中药半蒴苣苔（学名：HemiboeahenryiClarke）是苦苣苔科、半蒴苣苔属多年生草本植物。茎上升，高可达40厘米，具节，不分枝，肉质，散生紫斑，叶对生；叶片椭圆形或倒卵状椭圆形，稍肉质，干时草质，无毛或被白色短柔毛，上面深绿色，皮下散生蠕虫状石细胞：具翅，翅合生成船形。聚伞花序假顶生或腋生，具花；总苞球形，顶端具尖头，淡绿色，无毛，开放后呈船形；花梗粗，无毛。萼片长圆状披针形，无毛，干时膜质。花冠白色，具紫色斑点，上唇裂片半圆形，下唇裂片卵圆形。雄蕊：花丝狭线形，生于距花冠基部，花药长椭圆形，顶端小头状，连着或分离。花盘环状，柱头钝，略宽于花柱。蒴果线状披针形，多少弯曲，8-10月开花，9-11月结果。 
分布于中国陕西南部、甘肃南部、江苏南部、安徽南部、浙江、江西、福建、河南、湖北、湖南、广东北部、广西、四川、贵州。生于海拔350-2100米的山谷林下或沟边阴湿处。 
半蒴苣苔的全草入药，可治喉痛、麻疹和烧烫伤，作猪饲料；叶可作蔬菜。', (SELECT * FROM OPENROWSET(BULK 'C:\MyData\C#_Database\Homeworks\Final Project\RawData\pics\66_specimen.jpg', SINGLE_BLOB) AS img1), (SELECT * FROM OPENROWSET(BULK 'C:\MyData\C#_Database\Homeworks\Final Project\RawData\pics\66_item.jpg', SINGLE_BLOB) AS img2)); 
INSERT INTO Species(sname, nickname, sLatin, family, env, region, link, sdesp, specimen_img, colorful_img) 
VALUES('青钱柳', '摇钱树、麻柳，青钱李、山麻柳、山化树。', 'Cyclocarya paliurus (Batal.) Iljinsk.', '胡桃科', '生长在海拔500—2500米的山地湿润的森林中', '产于两湖、两广、云贵川、闽浙台、苏皖等。', 'https://baike.baidu.com/item/青钱柳', '青钱柳，（拉丁文名：Cyclocaryapaliurus.）别名：摇钱树、麻柳，青钱李、山麻柳、山化树。胡桃科、青钱柳属植物，我国南方多省均有发现，多以零星分布。青钱柳乃冰川四纪幸存下来的珍稀树种，仅存于中国。青钱柳被誉为植物界的大熊猫，医学界的第三棵树。人们知道，医学界的第一棵树——柳树，产生了阿司匹林，消炎杀菌、抗血栓，揭开了人类健康史的第一次变革。继心脑血管、癌症、肿瘤之后，高血糖现已成为人类的第二大杀手，这时人们发现了青钱柳，并将其芽叶炮制成青钱柳茶。', (SELECT * FROM OPENROWSET(BULK 'C:\MyData\C#_Database\Homeworks\Final Project\RawData\pics\67_specimen.jpg', SINGLE_BLOB) AS img1), (SELECT * FROM OPENROWSET(BULK 'C:\MyData\C#_Database\Homeworks\Final Project\RawData\pics\67_item.jpg', SINGLE_BLOB) AS img2)); 
INSERT INTO Species(sname, nickname, sLatin, family, env, region, link, sdesp, specimen_img, colorful_img) 
VALUES('浙江蝎子草', NULL, 'Girardinia chingiana', '荨麻科', '生长于海拔约300米的山坡林下或溪边荫湿处。', '浙江（天目山）和江西', 'https://baike.baidu.com/item/浙江蝎子草', '浙江蝎子草（学名：Girardiniachingiana）是荨麻科蝎子草属植物，中国特有植物，草本，茎下部常木质化；茎高70厘米，疏生刺毛和生稍密的细伏毛。分布于浙江（天目山）和江西，生长于海拔约300米山坡林下或溪边荫湿处。', (SELECT * FROM OPENROWSET(BULK 'C:\MyData\C#_Database\Homeworks\Final Project\RawData\pics\68_specimen.jpg', SINGLE_BLOB) AS img1), (SELECT * FROM OPENROWSET(BULK 'C:\MyData\C#_Database\Homeworks\Final Project\RawData\pics\68_item.jpg', SINGLE_BLOB) AS img2)); 
INSERT INTO Species(sname, nickname, sLatin, family, env, region, link, sdesp, specimen_img, colorful_img) 
VALUES('麻栎', '栎、橡碗树', 'Quercus acutissima Carruth.', '壳斗科', '山中林间路旁', '中国、朝鲜、日本、越南、印度', 'https://baike.baidu.com/item/麻栎', '麻栎（学名：QuercusacutissimaCarruth.）是壳斗科、栎属植物落叶乔木，高可达30米，胸径达1米，树皮深灰褐色，冬芽圆锥形，被柔毛。叶片形态多样，通常为长椭圆状披针形，叶缘有刺芒状锯齿，叶片两面同色，叶柄幼时被柔毛，后渐脱落。雄花序常数个集生于当年生枝下部叶腋，有花，花柱壳斗杯形，小苞片钻形或扁条形，向外反曲，被灰白色绒毛。坚果卵形或椭圆形，顶端圆形，果脐突起。3-4月开花，翌年9-10月结果。分布于中国辽宁、河北、山西、山东、江苏、安徽、浙江、江西、福建、河南、湖北、湖南、广东、海南、广西、四川、贵州、云南等省区。朝鲜、日本、越南、印度也有分布。生于海拔60-2200米的山地阳坡，成小片纯林或混交林。该种木材为环孔材，边材淡红褐色，心材红褐色，气干密度0.8克/立方厘米，材质坚硬，纹理直或斜，耐腐朽，气干易翘裂；供枕木、坑木、桥梁、地板等用材；叶含蛋白质13.58%，可饲柞蚕；种子含淀粉56.4%，可作饲料和工业用淀粉；壳斗、树皮可提取栲胶。', (SELECT * FROM OPENROWSET(BULK 'C:\MyData\C#_Database\Homeworks\Final Project\RawData\pics\69_specimen.jpg', SINGLE_BLOB) AS img1), (SELECT * FROM OPENROWSET(BULK 'C:\MyData\C#_Database\Homeworks\Final Project\RawData\pics\69_item.jpg', SINGLE_BLOB) AS img2)); 
INSERT INTO Species(sname, nickname, sLatin, family, env, region, link, sdesp, specimen_img, colorful_img) 
VALUES('凤丫蕨', NULL, 'Coniogramme japonica (Thunb.) Diels', '裸子蕨科', '生长在海拔100-1300米的湿润林下和山谷阴湿处。', '中国南部、朝鲜、日本', 'https://baike.baidu.com/item/凤丫蕨', '凤丫蕨（学名：Coniogrammejaponica(Thunb.)Diels）是裸子蕨科、凤丫蕨属蕨类植物，植株高可达120厘米。叶柄基部以上光滑；叶片和叶柄等长或稍长，长圆三角形，二回羽状；羽片通常，基部一对最大，卵圆三角形，羽状（偶有二叉）；侧生小羽片披针形，顶生小羽片远较侧生的为大，阔披针形，顶羽片较其下的为大，有长柄；羽片和小羽片边缘有向前伸的疏矮齿。叶脉网状，叶干后纸质，上面暗绿色，下面淡绿色，两面无毛。分布于中国江苏南部、浙江、福建、台湾、江西、安徽、湖北、湖南、广西、四川、贵州、广东。朝鲜南及日本也有分布。生长在海拔100-1300米的湿润林下和山谷阴湿处。凤丫蕨的根茎或全草可作药用，药性味辛、微苦，性凉。归肝经。有祛风除湿，散血止痛，清热解毒之功效。主治风湿关节痛，瘀血腹痛，闭经，跌打损伤，目赤肿痛，乳痈及各种肿毒初起。', (SELECT * FROM OPENROWSET(BULK 'C:\MyData\C#_Database\Homeworks\Final Project\RawData\pics\70_specimen.jpg', SINGLE_BLOB) AS img1), (SELECT * FROM OPENROWSET(BULK 'C:\MyData\C#_Database\Homeworks\Final Project\RawData\pics\70_item.jpg', SINGLE_BLOB) AS img2)); 
INSERT INTO Species(sname, nickname, sLatin, family, env, region, link, sdesp, specimen_img, colorful_img) 
VALUES('睫毛牛膝菊', '粗毛牛膝菊', 'Galinsoga', '菊科', '山坡路边', '全国普遍分布', 'https://baike.baidu.com/item/睫毛牛膝菊', '睫毛牛膝菊（学名：Galinsogaquadriradiata）为菊科牛膝菊属下的一个种。一年生草本。茎多分枝，具浓密刺芒和细毛，单叶，对生，具叶柄，卵形至卵状披针形，叶缘细锯齿状。头状花多数，顶生，具花梗，呈伞形状排列，总苞近球形，绿色，舌状花5，白色，筒状花黄色，多数，具冠毛，果实为瘦果，黑色。分布不广，数量不多，仅见于庐山，生林下路旁。', (SELECT * FROM OPENROWSET(BULK 'C:\MyData\C#_Database\Homeworks\Final Project\RawData\pics\71_specimen.jpg', SINGLE_BLOB) AS img1), (SELECT * FROM OPENROWSET(BULK 'C:\MyData\C#_Database\Homeworks\Final Project\RawData\pics\71_item.jpg', SINGLE_BLOB) AS img2)); 
INSERT INTO Species(sname, nickname, sLatin, family, env, region, link, sdesp, specimen_img, colorful_img) 
VALUES('水蓼', NULL, 'Polygonum hydropiper L.', '蓼科', '生长在海拔50-3500米的河滩、水沟边、山谷湿地。', '中国南北各省区、朝鲜、日本、印度尼西亚、印度、欧洲、北美', 'https://baike.baidu.com/item/%E6%B0%B4%E8%93%BC/3390114', '水蓼（学名：PolygonumhydropiperL.）是蓼科，蓼属一年生草本植物，高可达70厘米。茎直立，多分枝，叶片披针形或椭圆状披针形，两面无毛，被褐色小点，具辛辣味，叶腋具闭花受精花；托叶鞘筒状，膜质，褐色，总状花序呈穗状，顶生或腋生，花稀疏，苞片漏斗状，绿色，边缘膜质，每苞内具5花；花梗比苞片长；花被绿色，花被片椭圆形，柱头头状。瘦果卵形，5-9月开花，6-10月结果。 
分布于中国南北各省区。朝鲜、日本、印度尼西亚、印度、欧洲及北美也有分布。生长在海拔50-3500米的河滩、水沟边、山谷湿地。 
水蓼全草入药，消肿解毒、利尿、止痢。古代为常用调味剂。', (SELECT * FROM OPENROWSET(BULK 'C:\MyData\C#_Database\Homeworks\Final Project\RawData\pics\72_specimen.jpg', SINGLE_BLOB) AS img1), (SELECT * FROM OPENROWSET(BULK 'C:\MyData\C#_Database\Homeworks\Final Project\RawData\pics\72_item.jpg', SINGLE_BLOB) AS img2)); 
 
INSERT INTO Family(fname, fLatin, fdesp, link) 
VALUES('荨麻科', 'Urticaceae Juss.', '荨麻科（学名：Urticaceae）是双子叶植物，分布于热带和温带地区。荨麻科中的许多属，如苎麻属、水麻属、紫麻属、水丝麻属、雾水葛属、蝎子草属、荨麻属、艾麻属、锥头麻属等都为重要的纤维植物，其中苎麻、青麻和红活麻等为中国南方常见的重要栽培纤维植物。冷水花属、赤车属、楼梯草属中的一些种类，茎肉质，叶翠绿，体态奇特或有美丽的花纹，广为栽培观赏。该科的荨麻族植物具有其他高等植物所没有的独特的刺毛，一旦触及人或牲畜的皮肤，就会出现红斑，痛痒难忍，有的种类甚至会引起儿童或幼畜死亡。这种刺毛是一种表皮特化的腺毛，由单细胞的毛管和多细胞的毛枕组成，毛管壁上端硅质化、质脆，下部钙质化、坚硬，毛枕主要行使分泌刺激物的机能。刺毛的毒液很复杂，含有一种特殊的酵素和蚁酸、醋酸、酪酸以及含氮的酸性物质。', 'https://baike.baidu.com/item/荨麻科'); 
INSERT INTO Family(fname, fLatin, fdesp, link) 
VALUES('五福花科', 'Adoxaceae E. Mey.', '五福花科（Adoxaceae） 是川续断目中的一个小科，其多年生多汁、无毛、小草本；根茎匍匐或直立；茎单生或2-4条丛生。基生叶1-3枚或多达10枚左右；茎生叶2枚，对生，3深裂或1-2回羽状三出复叶。花茎直立，花序为总状、聚伞性头状或团伞花序排列成间断的穗状花序，顶生或稀为腋生。花小，合萼、合瓣，通常4-5基数；雄蕊2轮，内轮退化，外轮着生在花冠上，分裂为2半蕊，花药单室，盾形，外向，纵裂；心皮与花部同数或异数，子房半下位至下位，花柱连合或分离，柱头点状。果为核果。', 'https://baike.baidu.com/item/五福花科'); 
INSERT INTO Family(fname, fLatin, fdesp, link) 
VALUES('爵床科', 'Acanthaceae Juss.', '爵床科（学名：Acanthaceae）双子叶植物纲，合瓣花亚纲，管状花目中的1科。多为草本或灌木、稀藤本和乔木。叶对生；叶片卵形、长椭圆形或阔披针形，先端尖或钝，基部楔形，全缘，上面暗绿色，叶脉明显，两面均被短柔毛。穗状花序顶生或生于上部叶腋，圆柱形，密生多数小花；裂片线状披针形或线形，边缘白色；薄膜状，外药室不等大，被毛，下面的药室有距；雌蕊，子房卵形，被毛，花柱丝状。蒴果线形。种子下部实心似柄状，种子表面有瘤状皱纹。爵床科植物种类繁多，大约包括250属4000多种。该科植物性喜温暖、湿润气候，大部分生长在热带、亚热带地区，只有少数种类可生长在温带地区。中国约有50属400余种， 多分布于长江以南阴湿的山谷或石灰岩地区，以云南省最多，四川、贵州、广西、广东、台湾和香港等省（区）也很丰富，多数种类具有重要的观赏价值。', 'https://baike.baidu.com/item/爵床科'); 
INSERT INTO Family(fname, fLatin, fdesp, link) 
VALUES('冬青科', 'Aquifoliaceae Bercht. & J. Presl', '冬青科（学名：Aquifoliaceae）植物最早出现于北半球晚白垩纪，即该科植物在中生代晚期就已存在。常绿、落叶乔木或灌木。单叶互生，聚伞花序。花小，花萼分裂，宿存；雄蕊与花瓣互生，花丝粗短，花药2室；子房上位，花柱短或缺，核果有分核，分核背面维管束形成各种雕纹，为分类的主要特征；种子具丰富胚乳。染色体基数x=9，10。冬青科植物广布世界。乔木或灌木。玻里尼西亚和澳大利亚有4种Byronia属植物。美洲山冬青属（Nemopanthus）中仅美洲山冬青（N.mucronatus）一种原产北美东北部。冬青科与卫矛亚目其他科的区别是花无分泌蜜腺的花盘。', 'https://baike.baidu.com/item/冬青科'); 
INSERT INTO Family(fname, fLatin, fdesp, link) 
VALUES('木兰科', 'Magnoliaceae Juss.', '木兰科（学名：Magnoliaceae），双子叶植物纲木兰亚纲的一个较原始的科。广义的木兰科包括有木兰亚科、八角亚科、五味子亚科、水青树亚科等，狭义的木兰科指木兰亚科和鹅掌楸亚科。', 'https://baike.baidu.com/item/木兰科'); 
INSERT INTO Family(fname, fLatin, fdesp, link) 
VALUES('裸子蕨科', 'Hemionitidaceae', '裸子蕨科（Hemionitidaceae）是蕨类植物门水龙骨目下的一个科，本科均属陆生中小型植物。本科约有17属，分布于世界热带和亚热带，少数达北半球温带，中国有以下5属。', 'https://baike.baidu.com/item/裸子蕨科'); 
INSERT INTO Family(fname, fLatin, fdesp, link) 
VALUES('商陆科', 'Phytolaccaceae', '草本或灌木，稀为乔木。直立，稀攀援；植株通常不被毛。单叶互生，全缘，托叶无或细小。花小，两性或有时退化成单性（雌雄异株），辐射对称或近辐射对称，果实肉质，浆果或核果，稀蒴果，12属，约100种，广布于热带至温带地区，主产热带美洲、非洲南部，少数产亚洲。', 'https://baike.baidu.com/item/商陆科'); 
INSERT INTO Family(fname, fLatin, fdesp, link) 
VALUES('凤尾蕨科', 'Pteridaceae E. D. N. Kirchn.', '凤尾蕨科（学名：Pteridaceae E. D. N. Kirchn.），是水龙骨目下的一科，蕨类植物门蕨纲薄囊蕨亚纲中的一科。陆生，大型或中型蕨类植物。叶一型，少为二型或近二型，疏生状茎长而横走，有管状中柱（如栗蕨属），或短而直立或斜升，有网状中柱（如凤尾蕨属），密被狭长而质厚的鳞片，鳞片以基部着生。（如栗蕨属）或簇生（如凤尾蕨属）。', 'https://baike.baidu.com/item/凤尾蕨科'); 
INSERT INTO Family(fname, fLatin, fdesp, link) 
VALUES('紫茉莉科', 'Nyctaginaceae Juss.', '紫茉莉科（学名：Nyctaginaceae）是中央种子目下的一科。草本、灌木或乔木，有时为具刺藤状灌木。单叶，对生、互生或假轮生，全缘，具柄，无托叶。花辐射对称，两性，稀单性或杂性；单生、簇生或成聚伞花序、伞形花序；常具苞片或小苞片，有的苞片色彩鲜艳；花被单层，常为花冠状，圆筒形或漏斗状，有时钟形，下部合生成管，顶端5-10裂，在芽内镊合状或摺扇状排列，宿存；雄蕊1至多数，通常3-5，下位，花丝离生或基部连合，芽时内卷，花药2室，纵裂；子房上位，1室，内有1粒胚珠，花柱单一，柱头球形，不分裂或分裂。瘦果状掺花果包在宿存花被内，有棱或槽，有时具翅，常具腺；种子有胚乳；胚直生或弯生。紫茉莉科约30属300种，分布于热带和亚热带地区，主产热带美洲。中国有6属13种1变种，其中常见栽培或有逸生者3种，主要分布于华南和西南。', 'https://baike.baidu.com/item/紫茉莉科'); 
INSERT INTO Family(fname, fLatin, fdesp, link) 
VALUES('茄科', 'Solanaceae Juss.', '茄科（拉丁学名：Solanaceae），是管状花目下的一科植物，约有80属，3000种，广布于热带及温带地区，主产美洲热带。我国有25属，约115种，各省均有分布。茄科有多种重要的蔬菜、经济植物和观赏植物，有些是农区常见的杂草；野生植物多有毒，勿误食。', 'https://baike.baidu.com/item/茄科'); 
INSERT INTO Family(fname, fLatin, fdesp, link) 
VALUES('蓼科', 'Polygonaceae Juss.', '蓼科（Polygonaceae），双子叶植物，高从10厘米到160厘米以上都有。叶子通常呈现两两互生及长针状，有柄。花朵则通常长成穗状。共40属，800种，主产北温带，少数在热带，中国引入的有14属，约228种，全国均有分布，其中有些供食用，如荞麦，有些入药，有些供观赏用。一般来说，该种植物都生长在水田，人造沟渠或湿地。在克朗奎斯特系统里为蓼科单独设立一个蓼目。', 'https://baike.baidu.com/item/蓼科'); 
INSERT INTO Family(fname, fLatin, fdesp, link) 
VALUES('百合科', 'Liliaceae Juss.', '百合科是被子植物的一大种群植物，属单子叶植物类。约有250属 3500种。广泛分布于全世界，主要在温带与亚热带地区。中国有60属约 560种，南北均产。百合科在中国60属，近600种，遍布中国。百合科中既有名花，又有良药。有的还可以食用。主要的属有葱属、菝葜属、百合属、沿阶草属、黄精属、天门冬属、贝母属等。知母属、鹭鸶兰属、白穗花属等为中国特有。', 'https://baike.baidu.com/item/百合科'); 
INSERT INTO Family(fname, fLatin, fdesp, link) 
VALUES('茜草科', 'Rubiaceae Juss.', '茜草科是双子叶植物纲，龙胆目的一个科。多为木本，少数为草本。叶对生，很少3枚轮生，通常全缘，具托叶。本科的共同解剖构造有：①气孔常分布于叶片的下面，为2至多个辅助细胞所伴随，这些细胞平均列于孔口的边旁；②叶片无腺毛，③茎的维管束为单一并生型。早期的分类系统（克朗奎斯特分类法）将茜草科分类在茜草目内，濒危种。本科约有500属 6 000余种，广布于热带和亚热带地区，少数草本延伸至寒带。中国约有70属近600种。主要产于东南部和西南部。', 'https://baike.baidu.com/item/茜草科'); 
INSERT INTO Family(fname, fLatin, fdesp, link) 
VALUES('八角枫科', 'Alangiaceae', '八角枫科，双子叶植物纲的1科。八角枫科仅1属，即八角枫属，约30余种，旧世界热带分布。花瓣线形，开花时花瓣的上段常反卷，香味很浓。主要分布在华东、中南、及陕西、甘肃、台湾、四川、贵州、西藏等地。中医认为有祛风除湿、舒筋活络、散瘀止痛的功效。', 'https://baike.baidu.com/item/八角枫科'); 
INSERT INTO Family(fname, fLatin, fdesp, link) 
VALUES('马鞭草科', 'Verbenaceae J. St.-Hil.', '马鞭草科植物全球共80余属，3000余种，分布于热带和亚热带地区，中国有21属，175种31变种10变型，各地均有分布，主产于长江以南各地，许多植物可供药用或观赏，少数作为木材使用。该科植物不少供观赏，有些为贵重木材，如柚木、石梓、苦梓及云南石梓等。', 'https://baike.baidu.com/item/马鞭草科'); 
INSERT INTO Family(fname, fLatin, fdesp, link) 
VALUES('樟科', 'Lauraceae Juss.', '樟科（Lauraceae）是双子叶植物纲、木兰亚纲的一科，全世界约有45属，2000~2500种，产于热带和亚热带，分布中心位于东南亚和巴西。中国约有20属，423种43个变种和5个变型。稀落叶，大多为乔木或灌木，仅有无根藤属为缠绕寄生草本，大部分植物体有挥发性腺体。叶互生，对生，近对生或轮生，革质，有时为膜质或纸质，全缘，极少分裂，羽状脉，三出脉或离基三出脉，小脉常为密网状；无托叶，为茜草型，局限于下表面且常凹陷。花序或为圆锥状、总状或小头状；花被片每3片一轮，有2-3轮；雄蕊9-12，排成3-4轮，第三轮雄蕊的花丝具腺体，花药2-4室，舌瓣状开裂。果实为浆果或核果，含一粒种子。樟科植物起源较早，第三纪的古新世发现了最古老的樟科植物化石。樟科植物能够适应多种生态环境，自然分布和栽培范围很广，大多数种类集中分布在长江以南各个省区，只有少数落叶种类分布较北。樟科植物是重要的经济和生态树种，集材用、药用、香料、生态环境和生态文化建设于一身的多用途重要植物资源，在经济社会发展中具有重要地位。', 'https://baike.baidu.com/item/樟科'); 
INSERT INTO Family(fname, fLatin, fdesp, link) 
VALUES('千屈菜科', 'Lythraceae J. St.-Hil.', '千屈菜科（学名：Lythraceae），双子叶植物纲下的一科，约25属，550种，主要分布于热带和亚热带地区，尤以热带美洲最盛，少数延伸至温带，中国有11属，47种，广布于各地，有些是著名的观赏植物，如紫薇属Lagerstroemia，有些供染料用。千屈菜科水草枝节纤细，在水中飘逸时格外优美。该科中大部分水草能根据光照的强弱变化自身的颜色，从绿色到黄色再到粉红、红色，使水族箱景观富于变化。因此，成为全世界水草造景艺术的首选材料。', 'https://baike.baidu.com/item/千屈菜科'); 
INSERT INTO Family(fname, fLatin, fdesp, link) 
VALUES('卷柏科', 'Selaginellaceae Willk.', '卷柏科（学名：Selaginellaceae Willk. (1854)）是卷柏目下一个科，土生，石生，极少附生，常绿或夏绿，通常为多年生草本植物。茎具原生中柱或管状中柱，根托生分枝的腋部，主茎直立或长匍匐。孢子直径200-600微米，小孢子直径20-60微米。配子体微小，主要在孢子内发育。染色体基数x=8，9，10。1属，卷柏属Selaginella P. Beauv.。', 'https://baike.baidu.com/item/卷柏科'); 
INSERT INTO Family(fname, fLatin, fdesp, link) 
VALUES('鸭跖草科', 'Commelinaceae Mirb.', '鸭跖草科指的是绿色植物亚界，轮藻总门，木贼门（有胚植物门），木贼亚门（维管植物亚门），木兰纲（被子植物纲），百合亚纲，鸭跖草超目，鸭跖草目的一科。都是草本植物，主要分布在全世界的热带地区，也有少数分布在温带和亚热带地区，中国有13属约50种，分布在全国各地，主要在广东和云南。本科多种植物被培植作为观叶观赏植物品种。', 'https://baike.baidu.com/item/鸭跖草科'); 
INSERT INTO Family(fname, fLatin, fdesp, link) 
VALUES('豆科', 'Fabaceae Lindl.', '豆科（Fabaceae或Leguminosae）为双子叶植物纲、蔷薇目下的一个科，属于乔木、灌木、亚灌木或草本，直立或攀援，常有能固氮的根瘤植物。模式属为Faba P. Miller 。约650属，18000种，广布于全世界。 ', 'https://baike.baidu.com/item/%E8%B1%86%E7%A7%91/3672199'); 
INSERT INTO Family(fname, fLatin, fdesp, link) 
VALUES('蔷薇科', 'Rosaceae Juss.', '豆科在中国有172属，1485种，13亚种，153变种，16变型；各省区均有分布。豆科具有重要的经济意义，它是人类食品中淀粉、蛋白质、油和蔬菜的重要来源之一。', 'https://baike.baidu.com/item/蔷薇科'); 
INSERT INTO Family(fname, fLatin, fdesp, link) 
VALUES('海桐花科', 'Pittosporaceae', '豆科最常见的三个亚科，一是蝶形花亚科，代表植物：国槐（槐属，羽状复叶）。二是云实亚科，代表植物：紫荆（落叶灌木，有荚果，花紫色，先叶开放）。三是含羞草亚科，代表植物：含羞草与合欢（乔木）。', 'https://baike.baidu.com/item/海桐花科'); 
INSERT INTO Family(fname, fLatin, fdesp, link) 
VALUES('忍冬科', 'Caprifoliaceae Juss.', '忍冬科（学名：Caprifoliaceae）双子叶植物纲的一科。灌木或木质藤本，有时为小乔木或小灌木，叶对生，很少为奇数羽状复叶（接骨木属），无托叶或具叶柄间托叶，花序聚伞状，常具发达的小苞片。花两性，花冠合瓣，辐状、筒状、高脚碟状、漏斗状或钟状，有时花冠两唇形，子房下位，每室含胚珠。果实为肉质浆果、核果、蒴果、瘦果或坚果。该科大约800种植物，其中七子花属、蝟实属和双盾木属为中国的特有属。几乎分布在全世界，主要在亚洲东部和北美洲东部，但在热带地区和南部非洲没有发现该科的植物。忍冬科以盛产观赏植物而著称。荚蒾属、忍冬属、六道木属和锦带花属等都是庭园观赏花木。忍冬属和接骨木属的一些种是中国传统的中药材。接骨木属的果实可以酿酒。', 'https://baike.baidu.com/item/忍冬科'); 
INSERT INTO Family(fname, fLatin, fdesp, link) 
VALUES('夹竹桃科', 'Apocynaceae Juss.', '夹竹桃科 Apocynaceae 约250属，2000余种，分布于全世界热带、亚热带地区，少数在温带地区。中国产46属，176种，33变种，主要分布于长江以南各省区及台湾省等沿海岛屿，少数分布于北部及西北部。', 'https://baike.baidu.com/item/夹竹桃科'); 
INSERT INTO Family(fname, fLatin, fdesp, link) 
VALUES('五加科', 'Araliaceae Juss.', '五加科（学名：Araliaceae），双子叶植物，为灌木或乔木，也有相当数量的攀缘植物和少数草本。全世界约80属，900多种，广布于两半球的温带地和热带地，中国有共22属，160种，其中有一些种类可入药，供建筑用木材，制作家具、枕木和火柴棍，有些种类可供庭园观赏用。', 'https://baike.baidu.com/item/五加科'); 
INSERT INTO Family(fname, fLatin, fdesp, link) 
VALUES('锦葵科', 'Malvaceae Juss.', '锦葵科（学名：Malvaceae）是锦葵目下的一个科。草本、灌木至乔木。叶互生，单叶或分裂，叶脉通常掌状，具托叶。花腋生或顶生，单生、簇生、聚伞花序至圆锥花序；花两性，辐射对称；萼片3-5片，分离或合生；其下面附有总苞状的小苞片 (又称副萼) 3-多数；花瓣5片，彼此分离，但与雄蕊管的基部合生；雄蕊多数，连合成一管称雄蕊柱，花药1室，花粉被刺；子房上位，2-多室，通常以5室较多，由2-5枚或较多的心皮环绕中轴而成，花柱上部分枝或者为棒状，每室被胚珠1-多枚，花柱与心皮同数或为其2倍。蒴果，常几枚果爿分裂，很少浆果状，种子肾形或倒卵形，被毛至光滑无毛，有胚乳。子叶扁平，折叠状或回旋状。分布于热带至温带，产全国各地，以热带和亚热带地区种类较多。根据花和果实的构造，本科分为锦葵族、梵天花族和木槿族。', 'https://baike.baidu.com/item/锦葵科'); 
INSERT INTO Family(fname, fLatin, fdesp, link) 
VALUES('胡桃科', 'Juglandaceae DC. ex Perleb', '胡桃科（学名：Juglandaceae）是双子叶植物纲金缕梅亚纲的一科。落叶或半常绿或常绿乔木，羽状复叶，无托叶。该科共9属72种，间断分布在欧亚和美洲，以中国南部至中南半岛和美国南部至中美洲种类最多。花单性，雌雄同株；雄花序常为柔荑状，单生或数条成束生；雌花序穗状或稀柔荑状；雄花生于1枚不分裂或3裂的苞片腋内，通常具2小苞片或1～4枚花被片，雄蕊3～40枚插生在花托上；雌花具2小苞片和2～4枚花被片贴生于子房，子房由2心皮合生；果实为假核果或坚果。', 'https://baike.baidu.com/item/胡桃科'); 
INSERT INTO Family(fname, fLatin, fdesp, link) 
VALUES('鳞毛蕨科', 'Dryopteridaceae Hene', '中等大小或小形陆生植物。根状茎短而直立或斜升，具簇生叶，或横走具散生或近生叶，连同叶柄（至少下部）密被鳞片，内部放射状结构，有高度发育的网状中柱；鳞片狭披针形至卵形，基部着生，棕色或黑色，质厚，边缘多少具锯齿或睫毛，无单细胞或多细胞的针状硬毛。', 'https://baike.baidu.com/item/鳞毛蕨科'); 
INSERT INTO Family(fname, fLatin, fdesp, link) 
VALUES('毛茛科', 'Ranunculaceae Juss.', '毛茛科植物在世界各洲广布，主要分布在北半球温带和寒温带。有约50属，2000余种，中国有42属（包含引种的1个属，黑种草属），约720种。多年生或一年生草本，少有灌木或木质藤本。', 'https://baike.baidu.com/item/毛茛科'); 
INSERT INTO Family(fname, fLatin, fdesp, link) 
VALUES('芸香科', 'Rutaceae Juss.', '芸香科（学名：Rutaceae）是被子植物亚门、双子叶植物纲、无患子目的一个科。芸香科常绿或落叶乔木、灌木或攀援藤本或草本，全体含挥发油，叶具透明油腺点，植物体内通常有储油细胞或有分泌腔。有时具枝刺。叶互生，少数对生，单叶、单身复叶（如柑橘属）或羽状复叶；无托叶。花两性或单性，辐射对称，极少两侧对称（白鲜属）。聚伞花序，少数成总状、穗状花序或单花；离生；雄蕊4～5或8～10或多数；雌蕊心皮4～5，分离或合生，或多个心皮；子房上位，柱头稀不增大。具花盘。蓇葖果、蒴果、翅果、核果或柑果。种子通常有胚乳。花粉粒通常具3～6沟孔，近长球形至近球形，最长轴16～100微米。花程式：*↑K5-4C5-4A10-8G（5-4）染色体基数x=9～13。该科约150属，1700种，全世界分布，主要产于热带和亚热带，少数生温带。中国29属约151种28变种，南北各地均有，主产西南和华南。山麻黄属和枳属为中国特有属。', 'https://baike.baidu.com/item/芸香科'); 
INSERT INTO Family(fname, fLatin, fdesp, link) 
VALUES('杉科', 'Taxodiaceae', '杉科（Taxodiaceae）隶属于裸子植物门（Gymnospermae）松杉纲（Coniferopsida）松杉目（Pinales），科下含10属16种，主要分布于东亚、北美及大洋洲。中国产5属7种，引入栽培4属7种，现存各属均为古老的孑遗类群。杉科植物为常绿或落叶乔木，树干端直，大枝轮生或近轮生。叶螺旋状排列，散生，很少交叉对生（水杉属），披针形、钻形、鳞状或条形，同一树上枝叶同型或二型。球花单性，雌雄同株，球花的雄蕊和珠鳞均螺旋状着生，很少交叉对生（水杉属）；雄球花小，单生或簇生于枝顶，或排成圆锥花序状，或生于叶腋；雌球花顶生或生于生枝近枝顶。球果当年成熟，熟时张开，螺旋状着生或交叉对生（水杉属）；种子扁平或三棱形。杉科植物，树型挺拔美观，多数种类具有较高的观赏价值。如“活化石”水杉（Metasequoia glyptostrobides）是著名的庭院观赏树种，落羽杉（Taxodium distichum）、池杉（Taxodium ascendens）等枝叶舒展，端庄秀丽，是园林造景难得的水生观赏乔木种类。', 'https://baike.baidu.com/item/杉科'); 
INSERT INTO Family(fname, fLatin, fdesp, link) 
VALUES('三白草科', 'Saururaceae Rich. ex T. Lestib.', '三白草科（Saururaceae），多年生草本植物，高从15厘米到60厘米左右。具有蔓延的根茎，叶子通常呈现心型状。花成穗状。一般来说，该种植物都生长在水田，路边旁或林荫湿地。原生于东亚和北美，包括4属共6种植物。4属，约7种，分布于亚洲东部和北美洲。中国有3属，4种，主产中部以南各省区。', 'https://baike.baidu.com/item/三白草科'); 
INSERT INTO Family(fname, fLatin, fdesp, link) 
VALUES('菊科', 'Asteraceae Bercht. & J. Presl', '菊科，为双子叶植物纲、桔梗目的一个科，该科约有1000属，25000～30000种，是双子叶植物的第一大科。广布全世界，热带较少。我国约200余属，2000多种，全国都有分布。根据头状花序花冠类型的不同、乳状汁的有无，通常可分成两个亚科：筒状花亚科和舌状花亚科。常见如艾蒿Artemisia argyi、白术Atractylodes macrocephala、红花Carthamus tinctorius、矢车菊Centaurea cyanus、菊花Dendranthema morifolium、野菊Dendranthema indicum、向日葵Helianthus annuus、雪莲花Saussurea invo-lucrata、苍耳Xanthium sibiricum、莴苣Lactuca sativa（包括莴笋、生菜等不同品种）、蒲公英Taraxacum mongolicum等。', 'https://baike.baidu.com/item/菊科'); 
INSERT INTO Family(fname, fLatin, fdesp, link) 
VALUES('葡萄科', 'Vitaceae Juss.', '葡萄科（学名：Vitaceae Juss. ）是一类双子叶植物，本科有16属，约700余种，主要分布于热带和亚热带，少数种类分布于温带。我国有9属150余种，南北各省均产，野生种类主要集中分布于华中、华南及西南各省区，东北、华北各省区种类较少，新疆和青海迄今未发现有野生。', 'https://baike.baidu.com/item/葡萄科'); 
INSERT INTO Family(fname, fLatin, fdesp, link) 
VALUES('景天科', 'Crassulaceae J. St.-Hil.', '景天科（学名：Crassulaceae）是双子叶植物纲的一科，《中国植物志》分类系统有三亚科，分别为东爪草亚科（Crassuloideae BERGER）、 伽蓝菜亚科（Kalanchoideae BERGER ）、景天亚科（ Sedoideae BERGER），34属1500种以上，中国有10属242种。该科植物为多年生肉质草本，夏秋季开花，花小而繁茂，表皮有腊质粉，气孔下陷，可减少蒸腾，是典型的旱生植物，无性繁殖力强，采叶即能种植生根。景天科植物植株矮小，由于是肉质，耗水肥很少，因此极易种植观赏。景天科植物由于其矮小抗风，又不需要大量水肥，耐污染，因此成为比较流行的屋顶绿化的首选植物。分布非洲、亚洲、欧洲、美洲。以中国西南部、非洲南部及墨西哥种类较多。', 'https://baike.baidu.com/item/景天科'); 
INSERT INTO Family(fname, fLatin, fdesp, link) 
VALUES('苋科', 'Amaranthaceae Juss.', '苋科（Amaranthaceae）指的是绿色植物亚界，轮藻总门，木贼门（有胚植物门），木贼亚门（维管植物亚门），木兰纲（被子植物纲），蔷薇亚纲，石竹超目，石竹目的一科。包括60属大约850种植物，多为草本或灌木，稀有乔木或藤本，苋科广泛分布在全世界，一般分布在亚热带和热带地区，但也有许多种也分布在温带甚至寒温带地区。', 'https://baike.baidu.com/item/苋科'); 
INSERT INTO Family(fname, fLatin, fdesp, link) 
VALUES('小檗科', 'Berberidaceae Juss.', '小檗科（Berberidaceae）是被子植物门、双子叶植物纲、木兰亚纲、毛茛目的一科。该科植物为虫媒传粉植物。叶为单叶或复叶。17属，约有650种，主产北温带和亚热带高山地区。中国有11属，约320种。全国各地均有分布，但以四川、云南、西藏种类最多。', 'https://baike.baidu.com/item/小檗科'); 
INSERT INTO Family(fname, fLatin, fdesp, link) 
VALUES('海金沙科', 'Lygodiaceae M. Roem.', '海金沙科（学名：Lygodiaceae&amp;nbsp;M. Roem.）是真蕨目的下级分类。该科物种均为陆生攀援植物，根状茎颇长；叶单轴型，叶轴缠绕攀援，常高达数米；叶脉通常分离，少为疏网状；孢子囊近梨形，生于小脉顶端。为单属科，分布于热带和亚热带地区。', 'https://baike.baidu.com/item/海金沙科'); 
INSERT INTO Family(fname, fLatin, fdesp, link) 
VALUES('榆科', 'Ulmaceae Mirb.', '榆科（学名：Ulmaceae Mirb.）是荨麻目下的一科。约16属230余种，主要产于北半球，分布于热带至寒温带。其中种较多的为朴属、山黄麻属、榆科榆属和白颜树属；有4个单种属，即青檀、刺榆、水榆及Mirandaceltismonoica。中国有8属约50种，分布几遍全国，其中榆属占将近一半，青檀属为特有属。分布偏北的属种喜温凉的气候和深厚的土壤，耐寒和耐旱性较强；分布偏南的种类喜温暖湿润的气候和湿润、深厚、肥沃的土壤。榆科植物生于阳光充足的山坡、丘陵或阴湿沟谷的林中，通常根系发达，喜酸性或微酸性土壤，有些能耐盐碱或生于石灰岩山地。', 'https://baike.baidu.com/item/榆科'); 
INSERT INTO Family(fname, fLatin, fdesp, link) 
VALUES('凤仙花科', 'Balsaminaceae A. Rich.', '凤仙花科（学名：Balsaminaceae）是杜鹃花目下一个科。一年生或多年生草本植物。茎肉质，下部常生根。单叶，对生或轮生，羽状脉，齿端小尖。花两性，顶生总状或假伞形花序，花瓣5枚，分离，离生，花丝短，扁平，花药2室，子房上位，极短或无花柱，果实为假浆果或多少肉质，种子从开裂的裂爿中弹出，无胚乳，染色体基数x=7～10。分布于亚洲热带和亚热带及非洲，欧洲、北美洲也有少数物种。科中多种凤仙花色泽美丽可栽培观赏。凤仙花全草入药，有活血止痛、消肿解毒的功效。中国西南部地区是凤仙花属植物的全球五大分布中心之一 。', 'https://baike.baidu.com/item/凤仙花科'); 
INSERT INTO Family(fname, fLatin, fdesp, link) 
VALUES('伞形科', 'Apiaceae Lindl.', '伞形科（学名：Apiaceae）是伞形目下的一科，通常为茎部中空的芳香植物，大多是一年或多年生草本植物。此科包含有三百个左右的属和三千多个物种，如孜然、香芹、香菜、胡萝卜、莳萝、葛缕子、茴香等植物。中国大约有90属，500多种，全国均有分布。伞形科包括很多日常食用的蔬菜和调料。伞形科这一名称是因为其花序为伞形之故。', 'https://baike.baidu.com/item/伞形科'); 
INSERT INTO Family(fname, fLatin, fdesp, link) 
VALUES('壳斗科', 'Fagaceae Dumort.', '壳斗科（学名：Fagaceae）是山毛榉目下一个科，又名山毛榉科，是被子植物门（Angiospermae）、双子叶植物纲（Dicotyledoneae）、金缕梅亚纲（Hamamelidae）、山毛榉目（Fagales）的1科。壳斗科依不同观点，共6～11属，约900种，常绿或落叶乔木，稀灌木。广泛分布于南、北两半球，主要产于亚洲南部及东南部。除新疆有引种外，自然分布于中国南北各省区，主要产于西南及南部。自沿海低丘陵至海拔约3800米高山均有生长，常为山地常绿阔叶或针叶阔叶混交林的主要上层树种，又是山地水源林的重要成分，也是秦岭南坡以南各地的主要用材树种。不仅作为用材林，而且是最好的薪炭林，还是优良的水土保护林。其种子含淀粉较多，还是木本粮食。壳斗科植物至少在白垩纪时期就已发生，在此后的各个地史时期的地层中，先后找到它们的包括花粉在内的化石。第三纪时，它们的生存远远超过现代的分布区。在中国东北、北部及西南部不少地区，先后发现了栎属、锥属和柯属植物的叶化石，在西藏希夏邦马峰北坡海拔5700～5900米属于晚上新世的植物化石层中找到与活植物相同的多种高山栎类的叶化石。', 'https://baike.baidu.com/item/壳斗科'); 
INSERT INTO Family(fname, fLatin, fdesp, link) 
VALUES('葫芦科', 'Cucurbitaceae', '葫芦科是被子植物门双子叶植物纲葫芦目的一科。世界约110属，700种，大多分布于热带地区，中国有32属、154种，南北均有分布。常见有葫芦、南瓜、黄瓜、西葫芦、西瓜等。', 'https://baike.baidu.com/item/葫芦科'); 
INSERT INTO Family(fname, fLatin, fdesp, link) 
VALUES('玄参科', 'Scrophulariaceae Juss.', '玄参科（Scrophulariaceae）是被子植物门、双子叶植物纲、菊亚纲、管状花目的一科。约220属4500余种，广布于全球各地，多数在温带地区。中国产61属约681种，主要分布于西南部山地。其中虾子草属、地黄属、呆白菜属、细穗玄参属、五齿萼属、翅茎草属为中国的特有属。本科最大的属是马先蒿属，在500种以上，约2/3的种类产于中国。', 'https://baike.baidu.com/item/玄参科'); 
INSERT INTO Family(fname, fLatin, fdesp, link) 
VALUES('金粟兰科', 'Chloranthaceae R. Br. ex Sims', '金粟兰科（学名：Chloranthaceae）是胡椒目下的一科。多年生草本或灌木，少为乔木。茎有明显的节。单叶对生；叶柄基部常合生成鞘状。花小，两性或单性，排成穗状花序、头状花序或圆锥花序，核果卵形或球形。分布于热带或亚热带；中国有3属，约16种，分布于各省。', 'https://baike.baidu.com/item/金粟兰科'); 
INSERT INTO Family(fname, fLatin, fdesp, link) 
VALUES('天南星科', 'Araceae Juss.', '天南星科植物为单子叶植物纲，天南星目的一科。该科植物有许多种类可以入药，其中菖蒲属和天南星、一把伞南星、半夏、虎掌、千年健等是有悠久历史的常用中药。天南星科芋属、魔芋属植物的块茎常供蔬食，也可代粮，或作工业上的糊料。大薸则是产量高、放养易、营养价值高、适口性好的优良水生饲料；引进的种类则多属热带庭园观赏植物。以半夏为例，在中国已有二千多年的历史。', 'https://baike.baidu.com/item/天南星科'); 
INSERT INTO Family(fname, fLatin, fdesp, link) 
VALUES('唇形科', 'Lamiaceae Martinov', '唇形科（学名：Labiatae，Lamiaceae）是双子叶植物纲中的一个科，200余属，3500余种，广布于全球，主产地为地中海及中亚，中国约99属，808种，全国均产之。唇形科的模式属为野芝麻属。本科植物以富含多种芳香油而著称，其中有不少芳香油成份可供药用。作为芳香油植物受到一定重视的有薄荷，百里香，薰衣草，罗勒，迷迭香等。作为药用植物而在各国中有一定位置的有黄芩，荆芥，藿香，丹参，薄荷，紫苏，香薷，荠苧，夏枯草，益母草等等。白苏则为有名的油料作物之一。由于花、叶形状特殊，色彩鲜艳常供观赏的亦有一串红、彩叶苏等若干种类。', 'https://baike.baidu.com/item/唇形科'); 
INSERT INTO Family(fname, fLatin, fdesp, link) 
VALUES('桑科', 'Moraceae Gaudich.', '桑科植物由遍及世界上热带和温带的53个属和大约1400个种组成。我国桑科植物资源十分丰富，有构属、桑属、榕属、见血封喉属、菠萝蜜属、柘属、水蛇麻属、萑草属、橙桑属、牛筋藤属、鹊肾树属，共11属150余种。种子大或小，包于内果皮中；种皮膜质或不存；胚悬垂， 弯或直；幼根长或短，背倚子叶紧贴；子叶褶皱，对折或扁平，叶状或增厚，相等或极。', 'https://baike.baidu.com/item/桑科'); 
INSERT INTO Family(fname, fLatin, fdesp, link) 
VALUES('苦苣苔科', 'Gesneriaceae Rich. & Juss.', '苦苣苔科（Gesneriaceae），是双子叶植物纲、合瓣花亚纲、唇形目的一科。多为具根状茎的草本，少数为灌木或乔木。叶对生或基生，稀轮生或互生，通常为单叶，不分裂，稀羽状分裂或为羽状复叶。花通常组成聚伞花序，两性，辐射对称或左右对称。萼片4～5枚。花冠钟状或辐状，多数两唇形，雄蕊全部能育，或4或2枚能育；雌蕊由2枚心皮形成，子房上位，半下位或完全下位，1室，或2室、胚珠多数。蒴果，室背或室间纵裂，稀盖裂（盾座苣属）或为浆果。约140余属，3400余种，分布于亚洲东部和南部、非洲、欧洲南部、大洋洲、南美洲及墨西哥的热带至温带地区。', 'https://baike.baidu.com/item/苦苣苔科'); 
INSERT INTO Family(fname, fLatin, fdesp, link) 
VALUES('木通科', 'Lardizabalaceae R. Br.', '木通科（学名：Lardizabalaceae）是双子叶植物纲毛茛目的1科。木质藤本，稀为灌木，叶互生，掌状复叶，少数为羽状复叶，叶柄基部和小叶柄的两端常膨大为节状。木通科有9属约50种，大部分产于亚洲东部，只有2属分布于南美的智利。中国有7属42种，南北均产，但多数分布于长江以南各省区。', 'https://baike.baidu.com/item/木通科'); 
INSERT INTO Family(fname, fLatin, fdesp, link) 
VALUES('金缕梅科', 'Hamamelidaceae R. Br.', '金缕梅科（学名：Hamamelidaceae R. Br.）是双子叶植物纲、蔷薇目下的科。常绿或落叶乔木和灌木。芽具鳞片或裸露。单叶互生，稀对生，具羽状脉或掌状脉，全缘或具锯齿，稀具掌状浅裂。花排成头状花序、穗状花序或总状花序，两性，或单性而雌雄同株；花柱2，有时伸长，柱头尖细或扩大；胚珠多数，着生于中轴胎座上，或只有1个而垂生。果为蒴果，常室间及室背裂开为4片；胚乳肉质，胚直生，子叶矩圆形，胚根与子叶等长。全世界27属约140种，主要分布于亚洲东部，凡21属100种；北美及中美有5属11种；非洲南部1属7种，马尔加什1属14种，大洋洲2属2种。该科植物性喜高温、湿润、向阳之地，耐热、耐阴、不耐干旱。该科植物全部是木本，其中如枫香树属、蕈树属、马蹄荷属、山铜材属、壳菜果属、半枫荷属的木材可供建筑及制作家具。供药用的有枫香树属、蕈树属、半枫荷属、金缕梅属、牛鼻栓属、及蜡瓣花属。枫香树属及蕈树属的树脂还可作香料及定香原料。此外，多数的属均有观赏价值，其中尤以红花荷属及蜡瓣花属最有观赏价值。蚊母树属的好些种类，叶上的虫瘿可作五倍子用。', 'https://baike.baidu.com/item/金缕梅科'); 
INSERT INTO Family(fname, fLatin, fdesp, link) 
VALUES('大戟科', 'Euphorbiaceae Juss.', '大戟科是被子植物门，双子叶植物纲，大戟目或金虎尾目的一个科。全世界约300属，8000余种；中国有66余属，370余种。分布于全世界，以热带地区为多，主产长江流域以南各地。', 'https://baike.baidu.com/item/大戟科'); 
 
 
INSERT INTO SNotes(usrid, spid, isPublic, content) 
VALUES((SELECT usrid FROM Users WHERE usrname = 'ROOT'), (SELECT spid FROM Species WHERE sname = '贯众'), 0, 'Created!'); 
INSERT INTO SNotes(usrid, spid, isPublic, content) 
VALUES((SELECT usrid FROM Users WHERE usrname = 'Advisor01'), (SELECT spid FROM Species WHERE sname = '贯众'), 1, '可做中药'); 
 
INSERT INTO FNotes(usrid, fid, isPublic, content) 
VALUES((SELECT usrid FROM Users WHERE usrname = 'ROOT'), (SELECT fid FROM Family WHERE fname = '荨麻科'), 0, 'Created!'); 
INSERT INTO FNotes(usrid, fid, isPublic, content) 
VALUES((SELECT usrid FROM Users WHERE usrname = 'Advisor01'), (SELECT fid FROM Family WHERE fname = '荨麻科'), 1, 'zhu'); 

!-- Step3: PROC Defination
!-- Automatic user login time updation
CREATE PROC update_loginTime    
@name VARCHAR(50), @passwd CHAR(32)   
AS    
	UPDATE Users    
	SET lastLogTime = GETDATE()    
	WHERE usrname = @name AND passwd = @passwd
